action,gap_bin,n,mean_net,median_net,win_rate,profit_factor,t_stat,p5,p95,worst,mean_hi,mean_lo,direction,data_quality,live_trading_allowed
BOTTOM_Q,<=-5,115.0,0.00904,-0.003,0.38261,2.08145,2.47177,-0.04127,0.08553,-0.05923,0.03082,-0.0113,long,DAILY_BAR_PROXY_ONLY,False
BOTTOM_Q,-5..-3,175.0,-0.00115,4e-05,0.50286,0.9034,-0.4916,-0.05722,0.05239,-0.10617,0.0231,-0.01891,long,DAILY_BAR_PROXY_ONLY,False
BOTTOM_Q,-3..-2,376.0,-4e-05,0.00049,0.51064,0.99555,-0.03241,-0.04144,0.03515,-0.08201,0.01947,-0.01512,long,DAILY_BAR_PROXY_ONLY,False
BOTTOM_Q,-2..-1,1306.0,-0.00301,-0.003,0.43415,0.67633,-4.98664,-0.03891,0.02843,-0.09072,0.01533,-0.01423,long,DAILY_BAR_PROXY_ONLY,False
BOTTOM_Q,-1..0,12593.0,-0.00405,-0.003,0.33955,0.43949,-31.90478,-0.02611,0.01716,-0.09789,0.00925,-0.00974,long,DAILY_BAR_PROXY_ONLY,False
BOTTOM_Q,0..1,10309.0,-0.00421,-0.00488,0.3333,0.47386,-27.09691,-0.02773,0.02081,-0.10927,0.01024,-0.0106,long,DAILY_BAR_PROXY_ONLY,False
BOTTOM_Q,1..2,2471.0,-0.00426,-0.0066,0.35168,0.58027,-10.09511,-0.03294,0.03248,-0.11831,0.01474,-0.01472,long,DAILY_BAR_PROXY_ONLY,False
BOTTOM_Q,2..3,445.0,-0.00265,-0.0048,0.41124,0.77059,-2.03097,-0.04124,0.05283,-0.12065,0.02008,-0.01849,long,DAILY_BAR_PROXY_ONLY,False
BOTTOM_Q,3..5,213.0,-0.00502,-0.00446,0.42723,0.68657,-2.1385,-0.06158,0.0545,-0.13845,0.02596,-0.02541,long,DAILY_BAR_PROXY_ONLY,False
BOTTOM_Q,>=5,136.0,-0.01308,-0.003,0.23529,0.29243,-4.71049,-0.08091,0.03329,-0.16608,0.01294,-0.03007,long,DAILY_BAR_PROXY_ONLY,False
MID,<=-5,338.0,0.00186,-0.003,0.42308,1.19727,1.12877,-0.04556,0.05185,-0.07822,0.02461,-0.01351,long,DAILY_BAR_PROXY_ONLY,False
MID,-5..-3,474.0,-0.00025,-0.00022,0.49156,0.97535,-0.20126,-0.04847,0.04088,-0.07121,0.02289,-0.01659,long,DAILY_BAR_PROXY_ONLY,False
MID,-3..-2,821.0,-0.00035,-0.00039,0.49574,0.96381,-0.37582,-0.04389,0.04234,-0.08174,0.01957,-0.0158,long,DAILY_BAR_PROXY_ONLY,False
MID,-2..-1,3492.0,-0.00286,-0.003,0.44044,0.6525,-9.06097,-0.03273,0.0254,-0.09153,0.01404,-0.01257,long,DAILY_BAR_PROXY_ONLY,False
MID,-1..0,32622.0,-0.00323,-0.003,0.35982,0.47748,-45.53108,-0.02274,0.01573,-0.103,0.00862,-0.00869,long,DAILY_BAR_PROXY_ONLY,False
MID,0..1,25626.0,-0.00397,-0.00436,0.33017,0.45219,-45.03903,-0.0256,0.01833,-0.10878,0.0092,-0.01002,long,DAILY_BAR_PROXY_ONLY,False
MID,1..2,5727.0,-0.00505,-0.00632,0.35341,0.51721,-18.5825,-0.03558,0.0298,-0.11398,0.0141,-0.01536,long,DAILY_BAR_PROXY_ONLY,False
MID,2..3,1201.0,-0.00273,-0.00641,0.41382,0.76368,-3.50366,-0.04189,0.04942,-0.12228,0.02045,-0.0186,long,DAILY_BAR_PROXY_ONLY,False
MID,3..5,516.0,-0.00408,-0.00755,0.40698,0.72468,-2.92245,-0.05336,0.05342,-0.10359,0.02349,-0.02482,long,DAILY_BAR_PROXY_ONLY,False
MID,>=5,238.0,-0.01455,-0.003,0.28151,0.28797,-6.61681,-0.08095,0.03561,-0.12227,0.01365,-0.03043,long,DAILY_BAR_PROXY_ONLY,False
TOP_Q,<=-5,378.0,0.0058,-0.003,0.42593,1.5695,2.95564,-0.04345,0.07495,-0.08514,0.03746,-0.01437,long,DAILY_BAR_PROXY_ONLY,False
TOP_Q,-5..-3,518.0,0.00136,-0.0001,0.5,1.09306,0.78449,-0.06183,0.06948,-0.07314,0.03284,-0.02285,long,DAILY_BAR_PROXY_ONLY,False
TOP_Q,-3..-2,786.0,-0.00095,-0.003,0.46565,0.92753,-0.77961,-0.05723,0.05731,-0.08256,0.02666,-0.02164,long,DAILY_BAR_PROXY_ONLY,False
TOP_Q,-2..-1,2154.0,-0.00339,-0.003,0.44615,0.69902,-6.02473,-0.04644,0.03753,-0.09221,0.01978,-0.01831,long,DAILY_BAR_PROXY_ONLY,False
TOP_Q,-1..0,8888.0,-0.00448,-0.00408,0.39795,0.56448,-19.09587,-0.03936,0.02922,-0.103,0.01474,-0.01593,long,DAILY_BAR_PROXY_ONLY,False
TOP_Q,0..1,9280.0,-0.00503,-0.00556,0.37381,0.54367,-21.06503,-0.04053,0.03123,-0.1116,0.01567,-0.0163,long,DAILY_BAR_PROXY_ONLY,False
TOP_Q,1..2,4402.0,-0.00589,-0.00702,0.3796,0.57905,-13.4282,-0.05146,0.04488,-0.11925,0.01994,-0.02108,long,DAILY_BAR_PROXY_ONLY,False
TOP_Q,2..3,1559.0,-0.00453,-0.00672,0.41052,0.71618,-5.10939,-0.05885,0.06479,-0.12725,0.02521,-0.02609,long,DAILY_BAR_PROXY_ONLY,False
TOP_Q,3..5,1056.0,-0.00698,-0.00712,0.4233,0.63962,-5.7502,-0.07411,0.05351,-0.14025,0.02698,-0.0317,long,DAILY_BAR_PROXY_ONLY,False
TOP_Q,>=5,463.0,-0.01047,-0.003,0.40173,0.45964,-5.94561,-0.08392,0.03857,-0.16744,0.01705,-0.03452,long,DAILY_BAR_PROXY_ONLY,False
WATCH_BAND,<=-5,97.0,0.00333,-0.003,0.42268,1.37834,1.14725,-0.03773,0.0608,-0.05351,0.02819,-0.01293,long,DAILY_BAR_PROXY_ONLY,False
WATCH_BAND,-5..-3,135.0,-0.00302,-0.003,0.43704,0.75465,-1.16826,-0.06047,0.04166,-0.07311,0.02289,-0.0186,long,DAILY_BAR_PROXY_ONLY,False
WATCH_BAND,-3..-2,240.0,-0.00142,-0.00059,0.49167,0.8656,-0.81252,-0.04579,0.0379,-0.07333,0.01979,-0.0175,long,DAILY_BAR_PROXY_ONLY,False
WATCH_BAND,-2..-1,903.0,-0.00337,-0.003,0.43854,0.64625,-4.73277,-0.03553,0.02815,-0.09224,0.01568,-0.01458,long,DAILY_BAR_PROXY_ONLY,False
WATCH_BAND,-1..0,5652.0,-0.00362,-0.003,0.39561,0.52156,-16.92806,-0.02923,0.01959,-0.09894,0.01074,-0.01131,long,DAILY_BAR_PROXY_ONLY,False
WATCH_BAND,0..1,4721.0,-0.00495,-0.00546,0.34251,0.45021,-19.8033,-0.03141,0.02194,-0.1067,0.01127,-0.01282,long,DAILY_BAR_PROXY_ONLY,False
WATCH_BAND,1..2,1564.0,-0.00429,-0.00643,0.3702,0.60964,-7.31869,-0.03791,0.03572,-0.11187,0.01607,-0.01663,long,DAILY_BAR_PROXY_ONLY,False
WATCH_BAND,2..3,392.0,-0.00459,-0.00657,0.38776,0.65551,-3.15139,-0.05017,0.0513,-0.1271,0.02198,-0.02147,long,DAILY_BAR_PROXY_ONLY,False
WATCH_BAND,3..5,196.0,-0.00635,-0.00541,0.38776,0.60782,-2.6524,-0.0581,0.05125,-0.13723,0.02334,-0.0261,long,DAILY_BAR_PROXY_ONLY,False
WATCH_BAND,>=5,89.0,-0.01245,-0.003,0.37079,0.38699,-3.06776,-0.07935,0.03706,-0.14454,0.01512,-0.03292,long,DAILY_BAR_PROXY_ONLY,False
BOTTOM_Q,<=-5,115.0,-0.01804,-0.006,0.23478,0.2145,-4.93271,-0.09453,0.03227,-0.19915,0.03082,-0.0113,short_diagnostic,DAILY_BAR_PROXY_ONLY,False
BOTTOM_Q,-5..-3,175.0,-0.00785,-0.00904,0.37714,0.50184,-3.37162,-0.06139,0.04822,-0.10688,0.0231,-0.01891,short_diagnostic,DAILY_BAR_PROXY_ONLY,False
BOTTOM_Q,-3..-2,376.0,-0.00896,-0.00949,0.31649,0.38015,-7.19019,-0.04415,0.03244,-0.08389,0.01947,-0.01512,short_diagnostic,DAILY_BAR_PROXY_ONLY,False
BOTTOM_Q,-2..-1,1306.0,-0.00599,-0.006,0.34456,0.46258,-9.91969,-0.03743,0.02991,-0.12814,0.01533,-0.01423,short_diagnostic,DAILY_BAR_PROXY_ONLY,False
BOTTOM_Q,-1..0,12593.0,-0.00495,-0.006,0.29993,0.36991,-39.05375,-0.02616,0.01711,-0.11241,0.00925,-0.00974,short_diagnostic,DAILY_BAR_PROXY_ONLY,False
BOTTOM_Q,0..1,10309.0,-0.00479,-0.00412,0.34155,0.41655,-30.76956,-0.02981,0.01873,-0.10189,0.01024,-0.0106,short_diagnostic,DAILY_BAR_PROXY_ONLY,False
BOTTOM_Q,1..2,2471.0,-0.00474,-0.0024,0.43302,0.52445,-11.20962,-0.04148,0.02394,-0.09395,0.01474,-0.01472,short_diagnostic,DAILY_BAR_PROXY_ONLY,False
BOTTOM_Q,2..3,445.0,-0.00635,-0.0042,0.43146,0.5227,-4.87142,-0.06183,0.03224,-0.08178,0.02008,-0.01849,short_diagnostic,DAILY_BAR_PROXY_ONLY,False
BOTTOM_Q,3..5,213.0,-0.00398,-0.00454,0.46009,0.74184,-1.69828,-0.0635,0.05258,-0.07136,0.02596,-0.02541,short_diagnostic,DAILY_BAR_PROXY_ONLY,False
BOTTOM_Q,>=5,136.0,0.00408,-0.006,0.42647,1.43271,1.46993,-0.04229,0.07191,-0.0513,0.01294,-0.03007,short_diagnostic,DAILY_BAR_PROXY_ONLY,False
