id,book,mode,rank_ic,avg_turnover,net0,net60,net100,net150,yearly_net60
P0_A_CH_7s,books,long_short,0.060855242230097986,0.35810816741648727,1.922,1.672,1.505,1.296,"{""2023"": {""sharpe"": 1.24, ""mean_pct"": 1.22, ""n"": 12}, ""2024"": {""sharpe"": 1.63, ""mean_pct"": 2.17, ""n"": 13}, ""2025"": {""sharpe"": 1.04, ""mean_pct"": 2.2, ""n"": 12}, ""2026"": {""sharpe"": 5.37, ""mean_pct"": 10.66, ""n"": 5}}"
P0_A_CH_7s,books,long_only,0.060855242230097986,0.31065554530332035,1.82,1.733,1.675,1.602,"{""2023"": {""sharpe"": 2.13, ""mean_pct"": 3.17, ""n"": 12}, ""2024"": {""sharpe"": 0.85, ""mean_pct"": 1.23, ""n"": 13}, ""2025"": {""sharpe"": 1.39, ""mean_pct"": 3.86, ""n"": 12}, ""2026"": {""sharpe"": 4.32, ""mean_pct"": 12.69, ""n"": 5}}"
P0_A_CH_7s,blend_band10,long_short,0.07111409253291423,0.30096000613503227,2.371,2.147,1.997,1.81,"{""2023"": {""sharpe"": 2.35, ""mean_pct"": 2.53, ""n"": 12}, ""2024"": {""sharpe"": 1.6, ""mean_pct"": 2.06, ""n"": 13}, ""2025"": {""sharpe"": 1.64, ""mean_pct"": 3.72, ""n"": 12}, ""2026"": {""sharpe"": 9.74, ""mean_pct"": 8.58, ""n"": 5}}"
P0_A_CH_7s,blend_band10,long_only,0.07111409253291423,0.2539884460932149,2.058,1.989,1.943,1.885,"{""2023"": {""sharpe"": 2.55, ""mean_pct"": 4.12, ""n"": 12}, ""2024"": {""sharpe"": 1.01, ""mean_pct"": 1.55, ""n"": 13}, ""2025"": {""sharpe"": 1.64, ""mean_pct"": 4.75, ""n"": 12}, ""2026"": {""sharpe"": 5.12, ""mean_pct"": 11.23, ""n"": 5}}"
P0_A_BR_7s,books,long_short,0.0275197722966629,0.3381925227417581,1.21,0.963,0.797,0.589,"{""2021"": {""sharpe"": 0.43, ""mean_pct"": 0.66, ""n"": 13}, ""2022"": {""sharpe"": -0.32, ""mean_pct"": -0.56, ""n"": 12}, ""2023"": {""sharpe"": 1.72, ""mean_pct"": 1.84, ""n"": 12}, ""2024"": {""sharpe"": 1.0, ""mean_pct"": 1.61, ""n"": 12}, ""2025"": {""sharpe"": 1.35, ""mean_pct"": 2.04, ""n"": 12}, ""2026"": {""sharpe"": 2.49, ""mean_pct"": 6.24, ""n"": 6}}"
P0_A_BR_7s,books,long_only,0.0275197722966629,0.29432176201989874,1.277,1.193,1.136,1.066,"{""2021"": {""sharpe"": 1.13, ""mean_pct"": 2.7, ""n"": 13}, ""2022"": {""sharpe"": -0.0, ""mean_pct"": -0.01, ""n"": 12}, ""2023"": {""sharpe"": 2.09, ""mean_pct"": 2.72, ""n"": 12}, ""2024"": {""sharpe"": 0.59, ""mean_pct"": 1.14, ""n"": 12}, ""2025"": {""sharpe"": 1.48, ""mean_pct"": 3.02, ""n"": 12}, ""2026"": {""sharpe"": 3.21, ""mean_pct"": 8.21, ""n"": 6}}"
P0_A_BR_7s,blend_band10,long_short,0.03405697594231368,0.2977180912964615,1.653,1.443,1.302,1.125,"{""2021"": {""sharpe"": 1.31, ""mean_pct"": 2.65, ""n"": 13}, ""2022"": {""sharpe"": -0.15, ""mean_pct"": -0.21, ""n"": 12}, ""2023"": {""sharpe"": 1.95, ""mean_pct"": 3.42, ""n"": 12}, ""2024"": {""sharpe"": 1.5, ""mean_pct"": 1.82, ""n"": 12}, ""2025"": {""sharpe"": 1.36, ""mean_pct"": 2.17, ""n"": 12}, ""2026"": {""sharpe"": 3.5, ""mean_pct"": 6.67, ""n"": 6}}"
P0_A_BR_7s,blend_band10,long_only,0.03405697594231368,0.2563507953210164,1.53,1.455,1.405,1.343,"{""2021"": {""sharpe"": 1.45, ""mean_pct"": 3.79, ""n"": 13}, ""2022"": {""sharpe"": 0.05, ""mean_pct"": 0.11, ""n"": 12}, ""2023"": {""sharpe"": 2.66, ""mean_pct"": 3.87, ""n"": 12}, ""2024"": {""sharpe"": 0.75, ""mean_pct"": 1.26, ""n"": 12}, ""2025"": {""sharpe"": 1.49, ""mean_pct"": 3.03, ""n"": 12}, ""2026"": {""sharpe"": 3.86, ""mean_pct"": 8.4, ""n"": 6}}"
P1_V11_A_baseline_CH_3s,books,long_short,0.06342833282700257,0.3573802036992876,1.91,1.656,1.487,1.276,"{""2023"": {""sharpe"": 0.93, ""mean_pct"": 1.03, ""n"": 12}, ""2024"": {""sharpe"": 1.53, ""mean_pct"": 1.97, ""n"": 13}, ""2025"": {""sharpe"": 1.13, ""mean_pct"": 2.28, ""n"": 12}, ""2026"": {""sharpe"": 5.93, ""mean_pct"": 10.83, ""n"": 5}}"
P1_V11_A_baseline_CH_3s,books,long_only,0.06342833282700257,0.3156795360211609,1.762,1.674,1.616,1.542,"{""2023"": {""sharpe"": 1.95, ""mean_pct"": 3.23, ""n"": 12}, ""2024"": {""sharpe"": 0.68, ""mean_pct"": 1.05, ""n"": 13}, ""2025"": {""sharpe"": 1.33, ""mean_pct"": 3.54, ""n"": 12}, ""2026"": {""sharpe"": 4.51, ""mean_pct"": 12.31, ""n"": 5}}"
P1_V11_A_baseline_CH_3s,blend_band10,long_short,0.07037922399558785,0.30140248165433475,2.194,1.969,1.82,1.633,"{""2023"": {""sharpe"": 1.63, ""mean_pct"": 1.79, ""n"": 12}, ""2024"": {""sharpe"": 1.3, ""mean_pct"": 1.58, ""n"": 13}, ""2025"": {""sharpe"": 1.85, ""mean_pct"": 4.28, ""n"": 12}, ""2026"": {""sharpe"": 9.47, ""mean_pct"": 8.32, ""n"": 5}}"
P1_V11_A_baseline_CH_3s,blend_band10,long_only,0.07037922399558785,0.26528094960558085,2.008,1.937,1.889,1.829,"{""2023"": {""sharpe"": 2.16, ""mean_pct"": 3.57, ""n"": 12}, ""2024"": {""sharpe"": 1.03, ""mean_pct"": 1.69, ""n"": 13}, ""2025"": {""sharpe"": 1.72, ""mean_pct"": 4.97, ""n"": 12}, ""2026"": {""sharpe"": 5.09, ""mean_pct"": 10.7, ""n"": 5}}"
P1_V11_B_wider96_CH_3s,books,long_short,0.06570033400730253,0.38577945197717894,2.152,1.854,1.656,1.409,"{""2023"": {""sharpe"": 1.31, ""mean_pct"": 1.21, ""n"": 12}, ""2024"": {""sharpe"": 1.89, ""mean_pct"": 2.09, ""n"": 13}, ""2025"": {""sharpe"": 1.34, ""mean_pct"": 2.86, ""n"": 12}, ""2026"": {""sharpe"": 6.33, ""mean_pct"": 9.83, ""n"": 5}}"
P1_V11_B_wider96_CH_3s,books,long_only,0.06570033400730253,0.33745862880791,1.864,1.766,1.702,1.621,"{""2023"": {""sharpe"": 2.09, ""mean_pct"": 3.29, ""n"": 12}, ""2024"": {""sharpe"": 0.78, ""mean_pct"": 1.01, ""n"": 13}, ""2025"": {""sharpe"": 1.5, ""mean_pct"": 4.21, ""n"": 12}, ""2026"": {""sharpe"": 4.53, ""mean_pct"": 11.28, ""n"": 5}}"
P1_V11_B_wider96_CH_3s,blend_band10,long_short,0.07474830190203556,0.3048834655338129,2.197,1.971,1.819,1.63,"{""2023"": {""sharpe"": 1.79, ""mean_pct"": 2.0, ""n"": 12}, ""2024"": {""sharpe"": 1.65, ""mean_pct"": 2.0, ""n"": 13}, ""2025"": {""sharpe"": 1.76, ""mean_pct"": 4.08, ""n"": 12}, ""2026"": {""sharpe"": 5.05, ""mean_pct"": 7.0, ""n"": 5}}"
P1_V11_B_wider96_CH_3s,blend_band10,long_only,0.07474830190203556,0.26061340286828427,1.955,1.883,1.834,1.773,"{""2023"": {""sharpe"": 2.29, ""mean_pct"": 3.67, ""n"": 12}, ""2024"": {""sharpe"": 0.94, ""mean_pct"": 1.48, ""n"": 13}, ""2025"": {""sharpe"": 1.73, ""mean_pct"": 5.0, ""n"": 12}, ""2026"": {""sharpe"": 4.29, ""mean_pct"": 8.87, ""n"": 5}}"
P1_V11_C_wider128_CH_3s,books,long_short,0.05718539100704432,0.36679822631796827,1.528,1.273,1.103,0.893,"{""2023"": {""sharpe"": -0.84, ""mean_pct"": -1.2, ""n"": 12}, ""2024"": {""sharpe"": 1.63, ""mean_pct"": 1.99, ""n"": 13}, ""2025"": {""sharpe"": 1.41, ""mean_pct"": 2.95, ""n"": 12}, ""2026"": {""sharpe"": 6.79, ""mean_pct"": 9.72, ""n"": 5}}"
P1_V11_C_wider128_CH_3s,books,long_only,0.05718539100704432,0.33510872945676967,1.726,1.628,1.563,1.482,"{""2023"": {""sharpe"": 1.52, ""mean_pct"": 1.95, ""n"": 12}, ""2024"": {""sharpe"": 0.6, ""mean_pct"": 0.86, ""n"": 13}, ""2025"": {""sharpe"": 1.54, ""mean_pct"": 4.29, ""n"": 12}, ""2026"": {""sharpe"": 5.38, ""mean_pct"": 11.66, ""n"": 5}}"
P1_V11_C_wider128_CH_3s,blend_band10,long_short,0.06867612103936697,0.31135463719714046,2.043,1.807,1.649,1.452,"{""2023"": {""sharpe"": 1.51, ""mean_pct"": 1.22, ""n"": 12}, ""2024"": {""sharpe"": 1.33, ""mean_pct"": 1.26, ""n"": 13}, ""2025"": {""sharpe"": 1.63, ""mean_pct"": 3.9, ""n"": 12}, ""2026"": {""sharpe"": 8.59, ""mean_pct"": 8.66, ""n"": 5}}"
P1_V11_C_wider128_CH_3s,blend_band10,long_only,0.06867612103936697,0.27852399463300104,1.909,1.833,1.781,1.717,"{""2023"": {""sharpe"": 2.48, ""mean_pct"": 3.3, ""n"": 12}, ""2024"": {""sharpe"": 0.68, ""mean_pct"": 0.99, ""n"": 13}, ""2025"": {""sharpe"": 1.62, ""mean_pct"": 4.78, ""n"": 12}, ""2026"": {""sharpe"": 5.18, ""mean_pct"": 11.15, ""n"": 5}}"
P1_V11_D_deeper64_CH_3s,books,long_short,0.06738680784726808,0.3170520693125666,2.121,1.893,1.74,1.548,"{""2023"": {""sharpe"": 2.17, ""mean_pct"": 2.15, ""n"": 12}, ""2024"": {""sharpe"": 1.69, ""mean_pct"": 2.43, ""n"": 13}, ""2025"": {""sharpe"": 1.14, ""mean_pct"": 2.39, ""n"": 12}, ""2026"": {""sharpe"": 5.32, ""mean_pct"": 8.88, ""n"": 5}}"
P1_V11_D_deeper64_CH_3s,books,long_only,0.06738680784726808,0.26806494392627767,1.949,1.875,1.826,1.763,"{""2023"": {""sharpe"": 2.43, ""mean_pct"": 3.86, ""n"": 12}, ""2024"": {""sharpe"": 1.08, ""mean_pct"": 1.83, ""n"": 13}, ""2025"": {""sharpe"": 1.39, ""mean_pct"": 3.73, ""n"": 12}, ""2026"": {""sharpe"": 4.4, ""mean_pct"": 10.72, ""n"": 5}}"
P1_V11_D_deeper64_CH_3s,blend_band10,long_short,0.06832638783166327,0.299055568990951,2.131,1.918,1.775,1.597,"{""2023"": {""sharpe"": 1.79, ""mean_pct"": 2.24, ""n"": 12}, ""2024"": {""sharpe"": 1.32, ""mean_pct"": 1.56, ""n"": 13}, ""2025"": {""sharpe"": 1.49, ""mean_pct"": 3.57, ""n"": 12}, ""2026"": {""sharpe"": 13.21, ""mean_pct"": 9.28, ""n"": 5}}"
P1_V11_D_deeper64_CH_3s,blend_band10,long_only,0.06832638783166327,0.24982500188865714,1.967,1.9,1.856,1.8,"{""2023"": {""sharpe"": 2.46, ""mean_pct"": 4.1, ""n"": 12}, ""2024"": {""sharpe"": 0.96, ""mean_pct"": 1.5, ""n"": 13}, ""2025"": {""sharpe"": 1.47, ""mean_pct"": 4.53, ""n"": 12}, ""2026"": {""sharpe"": 5.77, ""mean_pct"": 11.45, ""n"": 5}}"
P1_V11_E_longer90_CH_3s,books,long_short,0.07212853098652958,0.3265446162961617,1.762,1.526,1.368,1.171,"{""2023"": {""sharpe"": 0.94, ""mean_pct"": 1.03, ""n"": 12}, ""2024"": {""sharpe"": 1.08, ""mean_pct"": 1.43, ""n"": 13}, ""2025"": {""sharpe"": 1.26, ""mean_pct"": 2.65, ""n"": 12}, ""2026"": {""sharpe"": 5.1, ""mean_pct"": 8.83, ""n"": 5}}"
P1_V11_E_longer90_CH_3s,books,long_only,0.07212853098652958,0.2877591476806604,1.756,1.677,1.625,1.559,"{""2023"": {""sharpe"": 2.0, ""mean_pct"": 3.19, ""n"": 12}, ""2024"": {""sharpe"": 0.65, ""mean_pct"": 0.9, ""n"": 13}, ""2025"": {""sharpe"": 1.46, ""mean_pct"": 3.97, ""n"": 12}, ""2026"": {""sharpe"": 4.03, ""mean_pct"": 10.67, ""n"": 5}}"
P1_V11_E_longer90_CH_3s,blend_band10,long_short,0.07616892362617864,0.2825887429918654,1.99,1.789,1.654,1.486,"{""2023"": {""sharpe"": 1.76, ""mean_pct"": 2.16, ""n"": 12}, ""2024"": {""sharpe"": 1.26, ""mean_pct"": 1.78, ""n"": 13}, ""2025"": {""sharpe"": 1.29, ""mean_pct"": 2.71, ""n"": 12}, ""2026"": {""sharpe"": 5.72, ""mean_pct"": 8.8, ""n"": 5}}"
P1_V11_E_longer90_CH_3s,blend_band10,long_only,0.07616892362617864,0.25309263214377176,1.807,1.737,1.69,1.631,"{""2023"": {""sharpe"": 2.26, ""mean_pct"": 3.85, ""n"": 12}, ""2024"": {""sharpe"": 0.73, ""mean_pct"": 1.25, ""n"": 13}, ""2025"": {""sharpe"": 1.32, ""mean_pct"": 3.59, ""n"": 12}, ""2026"": {""sharpe"": 4.69, ""mean_pct"": 10.55, ""n"": 5}}"
P1_V11_F_wider96_longer90_CH_3s,books,long_short,0.07459459485883227,0.31742116071676185,1.808,1.594,1.451,1.272,"{""2023"": {""sharpe"": 1.1, ""mean_pct"": 1.05, ""n"": 12}, ""2024"": {""sharpe"": 1.41, ""mean_pct"": 1.83, ""n"": 13}, ""2025"": {""sharpe"": 1.02, ""mean_pct"": 2.32, ""n"": 12}, ""2026"": {""sharpe"": 6.33, ""mean_pct"": 10.94, ""n"": 5}}"
P1_V11_F_wider96_longer90_CH_3s,books,long_only,0.07459459485883227,0.27598826641076546,1.61,1.539,1.492,1.432,"{""2023"": {""sharpe"": 1.75, ""mean_pct"": 3.12, ""n"": 12}, ""2024"": {""sharpe"": 0.5, ""mean_pct"": 0.69, ""n"": 13}, ""2025"": {""sharpe"": 1.1, ""mean_pct"": 2.99, ""n"": 12}, ""2026"": {""sharpe"": 5.06, ""mean_pct"": 12.21, ""n"": 5}}"
P1_V11_F_wider96_longer90_CH_3s,blend_band10,long_short,0.07403221542892482,0.28004279297843754,1.9,1.711,1.585,1.427,"{""2023"": {""sharpe"": 2.19, ""mean_pct"": 2.34, ""n"": 12}, ""2024"": {""sharpe"": 1.24, ""mean_pct"": 1.99, ""n"": 13}, ""2025"": {""sharpe"": 1.27, ""mean_pct"": 3.05, ""n"": 12}, ""2026"": {""sharpe"": 3.96, ""mean_pct"": 7.51, ""n"": 5}}"
P1_V11_F_wider96_longer90_CH_3s,blend_band10,long_only,0.07403221542892482,0.2540941290243501,1.844,1.774,1.728,1.669,"{""2023"": {""sharpe"": 2.67, ""mean_pct"": 4.28, ""n"": 12}, ""2024"": {""sharpe"": 0.61, ""mean_pct"": 1.14, ""n"": 13}, ""2025"": {""sharpe"": 1.43, ""mean_pct"": 3.94, ""n"": 12}, ""2026"": {""sharpe"": 4.33, ""mean_pct"": 9.92, ""n"": 5}}"
P1_V11_G_wider128_deeper3_CH_3s,books,long_short,0.055132834758895966,0.3322007982608175,1.566,1.352,1.21,1.034,"{""2023"": {""sharpe"": -1.0, ""mean_pct"": -1.27, ""n"": 12}, ""2024"": {""sharpe"": 1.73, ""mean_pct"": 2.67, ""n"": 13}, ""2025"": {""sharpe"": 1.33, ""mean_pct"": 2.96, ""n"": 12}, ""2026"": {""sharpe"": 7.05, ""mean_pct"": 10.85, ""n"": 5}}"
P1_V11_G_wider128_deeper3_CH_3s,books,long_only,0.055132834758895966,0.3002368595741771,1.771,1.684,1.626,1.553,"{""2023"": {""sharpe"": 1.47, ""mean_pct"": 1.86, ""n"": 12}, ""2024"": {""sharpe"": 0.89, ""mean_pct"": 1.55, ""n"": 13}, ""2025"": {""sharpe"": 1.52, ""mean_pct"": 4.19, ""n"": 12}, ""2026"": {""sharpe"": 5.49, ""mean_pct"": 12.46, ""n"": 5}}"
P1_V11_G_wider128_deeper3_CH_3s,blend_band10,long_short,0.06128712197534075,0.31398948915069724,1.914,1.68,1.525,1.33,"{""2023"": {""sharpe"": 0.97, ""mean_pct"": 0.95, ""n"": 12}, ""2024"": {""sharpe"": 1.19, ""mean_pct"": 1.45, ""n"": 13}, ""2025"": {""sharpe"": 1.53, ""mean_pct"": 3.44, ""n"": 12}, ""2026"": {""sharpe"": 7.33, ""mean_pct"": 8.75, ""n"": 5}}"
P1_V11_G_wider128_deeper3_CH_3s,blend_band10,long_only,0.06128712197534075,0.27559407138387654,1.886,1.809,1.757,1.692,"{""2023"": {""sharpe"": 2.23, ""mean_pct"": 2.99, ""n"": 12}, ""2024"": {""sharpe"": 0.87, ""mean_pct"": 1.37, ""n"": 13}, ""2025"": {""sharpe"": 1.56, ""mean_pct"": 4.4, ""n"": 12}, ""2026"": {""sharpe"": 4.8, ""mean_pct"": 11.02, ""n"": 5}}"
