window,signal,config,cost_bps,sharpe,max_dd,ann_ret,yearly,short_hit_rate,short_mae_mean,turnover_long,turnover_short,avg_n_short,avg_n_excluded,max_short_sector_w
CH,tf,L100,60,1.864,-0.2877,0.5202,"{""2023"": 2.0, ""2024"": 0.99, ""2025"": 1.61, ""2026"": 4.79}",0.487,0.1591,0.344,0.485,13.7,7.4,0.429
CH,tf,L100_S50,60,1.816,-0.2235,0.4321,"{""2023"": 1.67, ""2024"": 1.56, ""2025"": 1.36, ""2026"": 5.17}",0.487,0.1591,0.344,0.485,13.7,7.4,0.429
CH,tf,L100_S100_net0,60,1.525,-0.2155,0.3441,"{""2023"": 0.8, ""2024"": 1.95, ""2025"": 0.95, ""2026"": 5.74}",0.487,0.1591,0.344,0.485,13.7,7.4,0.429
CH,tf,S100_diagnostic,60,-0.998,-0.4539,-0.1761,"{""2023"": -1.98, ""2024"": 1.15, ""2025"": -1.28, ""2026"": -3.41}",0.487,0.1591,0.344,0.485,13.7,7.4,0.429
CH,tf,L100,100,1.801,-0.2948,0.5029,"{""2023"": 1.89, ""2024"": 0.92, ""2025"": 1.57, ""2026"": 4.76}",0.487,0.1591,0.344,0.485,13.7,7.4,0.429
CH,tf,L100_S50,100,1.637,-0.2321,0.3903,"{""2023"": 1.28, ""2024"": 1.37, ""2025"": 1.26, ""2026"": 5.03}",0.487,0.1591,0.344,0.485,13.7,7.4,0.429
CH,tf,L100_S100_net0,100,1.227,-0.2246,0.2778,"{""2023"": 0.08, ""2024"": 1.67, ""2025"": 0.8, ""2026"": 5.42}",0.487,0.1591,0.344,0.485,13.7,7.4,0.429
CH,tf,S100_diagnostic,100,-1.276,-0.5335,-0.2251,"{""2023"": -2.45, ""2024"": 0.87, ""2025"": -1.47, ""2026"": -3.66}",0.487,0.1591,0.344,0.485,13.7,7.4,0.429
CH,tf,L100,150,1.722,-0.3036,0.4812,"{""2023"": 1.74, ""2024"": 0.84, ""2025"": 1.52, ""2026"": 4.71}",0.487,0.1591,0.344,0.485,13.7,7.4,0.429
CH,tf,L100_S50,150,1.413,-0.2591,0.3381,"{""2023"": 0.78, ""2024"": 1.14, ""2025"": 1.14, ""2026"": 4.87}",0.487,0.1591,0.344,0.485,13.7,7.4,0.429
CH,tf,L100_S100_net0,150,0.856,-0.2367,0.195,"{""2023"": -0.83, ""2024"": 1.31, ""2025"": 0.61, ""2026"": 5.01}",0.487,0.1591,0.344,0.485,13.7,7.4,0.429
CH,tf,S100_diagnostic,150,-1.623,-0.6173,-0.2862,"{""2023"": -3.04, ""2024"": 0.51, ""2025"": -1.69, ""2026"": -3.95}",0.487,0.1591,0.344,0.485,13.7,7.4,0.429
CH,tf,L100,200,1.643,-0.3124,0.4595,"{""2023"": 1.59, ""2024"": 0.75, ""2025"": 1.47, ""2026"": 4.66}",0.487,0.1591,0.344,0.485,13.7,7.4,0.429
CH,tf,L100_S50,200,1.19,-0.2887,0.2858,"{""2023"": 0.28, ""2024"": 0.9, ""2025"": 1.01, ""2026"": 4.7}",0.487,0.1591,0.344,0.485,13.7,7.4,0.429
CH,tf,L100_S100_net0,200,0.489,-0.2952,0.1122,"{""2023"": -1.71, ""2024"": 0.94, ""2025"": 0.42, ""2026"": 4.6}",0.487,0.1591,0.344,0.485,13.7,7.4,0.429
CH,tf,S100_diagnostic,200,-1.966,-0.6864,-0.3474,"{""2023"": -3.63, ""2024"": 0.15, ""2025"": -1.93, ""2026"": -4.24}",0.487,0.1591,0.344,0.485,13.7,7.4,0.429
CH,d12,L100,60,1.789,-0.289,0.5075,"{""2023"": 2.27, ""2024"": 0.74, ""2025"": 1.39, ""2026"": 4.78}",0.495,0.189,0.363,0.4,13.8,7.3,0.571
CH,d12,L100_S50,60,1.72,-0.1907,0.4222,"{""2023"": 1.76, ""2024"": 0.96, ""2025"": 1.39, ""2026"": 5.29}",0.495,0.189,0.363,0.4,13.8,7.3,0.571
CH,d12,L100_S100_net0,60,1.346,-0.1706,0.3369,"{""2023"": 1.17, ""2024"": 0.9, ""2025"": 1.19, ""2026"": 3.94}",0.495,0.189,0.363,0.4,13.8,7.3,0.571
CH,d12,S100_diagnostic,60,-0.803,-0.4514,-0.1706,"{""2023"": -1.62, ""2024"": -0.04, ""2025"": -0.39, ""2026"": -2.27}",0.495,0.189,0.363,0.4,13.8,7.3,0.571
CH,d12,L100,100,1.722,-0.2988,0.4892,"{""2023"": 2.18, ""2024"": 0.64, ""2025"": 1.34, ""2026"": 4.73}",0.495,0.189,0.363,0.4,13.8,7.3,0.571
CH,d12,L100_S50,100,1.563,-0.2186,0.3837,"{""2023"": 1.59, ""2024"": 0.7, ""2025"": 1.28, ""2026"": 5.12}",0.495,0.189,0.363,0.4,13.8,7.3,0.571
CH,d12,L100_S100_net0,100,1.114,-0.2207,0.2783,"{""2023"": 0.93, ""2024"": 0.52, ""2025"": 1.02, ""2026"": 3.68}",0.495,0.189,0.363,0.4,13.8,7.3,0.571
CH,d12,S100_diagnostic,100,-0.99,-0.5177,-0.2109,"{""2023"": -1.9, ""2024"": -0.24, ""2025"": -0.54, ""2026"": -2.41}",0.495,0.189,0.363,0.4,13.8,7.3,0.571
CH,d12,L100,150,1.639,-0.3109,0.4663,"{""2023"": 2.08, ""2024"": 0.52, ""2025"": 1.28, ""2026"": 4.66}",0.495,0.189,0.363,0.4,13.8,7.3,0.571
CH,d12,L100_S50,150,1.368,-0.2523,0.3357,"{""2023"": 1.37, ""2024"": 0.38, ""2025"": 1.14, ""2026"": 4.92}",0.495,0.189,0.363,0.4,13.8,7.3,0.571
CH,d12,L100_S100_net0,150,0.821,-0.2965,0.2051,"{""2023"": 0.63, ""2024"": 0.04, ""2025"": 0.81, ""2026"": 3.35}",0.495,0.189,0.363,0.4,13.8,7.3,0.571
CH,d12,S100_diagnostic,150,-1.222,-0.5896,-0.2612,"{""2023"": -2.23, ""2024"": -0.49, ""2025"": -0.73, ""2026"": -2.58}",0.495,0.189,0.363,0.4,13.8,7.3,0.571
CH,d12,L100,200,1.555,-0.3228,0.4434,"{""2023"": 1.97, ""2024"": 0.4, ""2025"": 1.22, ""2026"": 4.59}",0.495,0.189,0.363,0.4,13.8,7.3,0.571
CH,d12,L100_S50,200,1.172,-0.2922,0.2876,"{""2023"": 1.16, ""2024"": 0.04, ""2025"": 0.99, ""2026"": 4.71}",0.495,0.189,0.363,0.4,13.8,7.3,0.571
CH,d12,L100_S100_net0,200,0.528,-0.3874,0.1318,"{""2023"": 0.33, ""2024"": -0.45, ""2025"": 0.6, ""2026"": 3.02}",0.495,0.189,0.363,0.4,13.8,7.3,0.571
CH,d12,S100_diagnostic,200,-1.452,-0.6511,-0.3116,"{""2023"": -2.55, ""2024"": -0.73, ""2025"": -0.92, ""2026"": -2.75}",0.495,0.189,0.363,0.4,13.8,7.3,0.571
CH,blend50,L100,60,1.921,-0.2672,0.529,"{""2023"": 2.41, ""2024"": 0.76, ""2025"": 1.64, ""2026"": 5.41}",0.509,0.1905,0.312,0.381,13.8,7.3,0.5
CH,blend50,L100_S50,60,1.999,-0.1755,0.448,"{""2023"": 2.23, ""2024"": 1.25, ""2025"": 1.63, ""2026"": 6.72}",0.509,0.1905,0.312,0.381,13.8,7.3,0.5
CH,blend50,L100_S100_net0,60,1.739,-0.1336,0.367,"{""2023"": 1.78, ""2024"": 1.53, ""2025"": 1.4, ""2026"": 4.29}",0.509,0.1905,0.312,0.381,13.8,7.3,0.5
CH,blend50,S100_diagnostic,60,-0.81,-0.4424,-0.162,"{""2023"": -1.91, ""2024"": 0.57, ""2025"": -0.7, ""2026"": -2.31}",0.509,0.1905,0.312,0.381,13.8,7.3,0.5
CH,blend50,L100,100,1.863,-0.2773,0.5132,"{""2023"": 2.32, ""2024"": 0.69, ""2025"": 1.6, ""2026"": 5.37}",0.509,0.1905,0.312,0.381,13.8,7.3,0.5
CH,blend50,L100_S50,100,1.845,-0.1983,0.4131,"{""2023"": 1.99, ""2024"": 1.07, ""2025"": 1.53, ""2026"": 6.53}",0.509,0.1905,0.312,0.381,13.8,7.3,0.5
CH,blend50,L100_S100_net0,100,1.484,-0.1437,0.3129,"{""2023"": 1.38, ""2024"": 1.25, ""2025"": 1.24, ""2026"": 3.94}",0.509,0.1905,0.312,0.381,13.8,7.3,0.5
CH,blend50,S100_diagnostic,100,-1.001,-0.5051,-0.2004,"{""2023"": -2.27, ""2024"": 0.39, ""2025"": -0.86, ""2026"": -2.43}",0.509,0.1905,0.312,0.381,13.8,7.3,0.5
CH,blend50,L100,150,1.79,-0.2897,0.4936,"{""2023"": 2.2, ""2024"": 0.6, ""2025"": 1.55, ""2026"": 5.31}",0.509,0.1905,0.312,0.381,13.8,7.3,0.5
CH,blend50,L100_S50,150,1.65,-0.2259,0.3694,"{""2023"": 1.7, ""2024"": 0.84, ""2025"": 1.4, ""2026"": 6.29}",0.509,0.1905,0.312,0.381,13.8,7.3,0.5
CH,blend50,L100_S100_net0,150,1.164,-0.1822,0.2452,"{""2023"": 0.88, ""2024"": 0.91, ""2025"": 1.03, ""2026"": 3.5}",0.509,0.1905,0.312,0.381,13.8,7.3,0.5
CH,blend50,S100_diagnostic,150,-1.237,-0.5739,-0.2484,"{""2023"": -2.71, ""2024"": 0.16, ""2025"": -1.06, ""2026"": -2.58}",0.509,0.1905,0.312,0.381,13.8,7.3,0.5
CH,blend50,L100,200,1.718,-0.3019,0.4739,"{""2023"": 2.09, ""2024"": 0.51, ""2025"": 1.5, ""2026"": 5.25}",0.509,0.1905,0.312,0.381,13.8,7.3,0.5
CH,blend50,L100_S50,200,1.455,-0.2527,0.3257,"{""2023"": 1.4, ""2024"": 0.6, ""2025"": 1.27, ""2026"": 6.04}",0.509,0.1905,0.312,0.381,13.8,7.3,0.5
CH,blend50,L100_S100_net0,200,0.843,-0.2362,0.1775,"{""2023"": 0.38, ""2024"": 0.56, ""2025"": 0.83, ""2026"": 3.06}",0.509,0.1905,0.312,0.381,13.8,7.3,0.5
CH,blend50,S100_diagnostic,200,-1.471,-0.6342,-0.2964,"{""2023"": -3.13, ""2024"": -0.07, ""2025"": -1.26, ""2026"": -2.73}",0.509,0.1905,0.312,0.381,13.8,7.3,0.5
BR,tf,L100,60,1.257,-0.3024,0.347,"{""2021"": 1.08, ""2022"": 0.08, ""2023"": 2.27, ""2024"": 0.7, ""2025"": 1.41, ""2026"": 3.21}",0.476,0.1657,0.336,0.439,13.7,7.3,0.692
BR,tf,L100_S50,60,1.146,-0.246,0.2685,"{""2021"": 0.79, ""2022"": -0.03, ""2023"": 1.96, ""2024"": 0.98, ""2025"": 1.41, ""2026"": 2.65}",0.476,0.1657,0.336,0.439,13.7,7.3,0.692
BR,tf,L100_S100_net0,60,0.839,-0.232,0.19,"{""2021"": 0.36, ""2022"": -0.18, ""2023"": 1.18, ""2024"": 1.23, ""2025"": 0.91, ""2026"": 2.0}",0.476,0.1657,0.336,0.439,13.7,7.3,0.692
BR,tf,S100_diagnostic,60,-0.835,-0.6073,-0.157,"{""2021"": -1.75, ""2022"": -0.27, ""2023"": -1.3, ""2024"": 0.68, ""2025"": -0.73, ""2026"": -3.08}",0.476,0.1657,0.336,0.439,13.7,7.3,0.692
BR,tf,L100,100,1.195,-0.3118,0.3301,"{""2021"": 1.03, ""2022"": 0.03, ""2023"": 2.12, ""2024"": 0.64, ""2025"": 1.36, ""2026"": 3.18}",0.476,0.1657,0.336,0.439,13.7,7.3,0.692
BR,tf,L100_S50,100,0.978,-0.2764,0.2295,"{""2021"": 0.65, ""2022"": -0.18, ""2023"": 1.51, ""2024"": 0.8, ""2025"": 1.27, ""2026"": 2.56}",0.476,0.1657,0.336,0.439,13.7,7.3,0.692
BR,tf,L100_S100_net0,100,0.567,-0.2858,0.1288,"{""2021"": 0.13, ""2022"": -0.4, ""2023"": 0.55, ""2024"": 0.94, ""2025"": 0.71, ""2026"": 1.86}",0.476,0.1657,0.336,0.439,13.7,7.3,0.692
BR,tf,S100_diagnostic,100,-1.071,-0.6885,-0.2013,"{""2021"": -2.03, ""2022"": -0.42, ""2023"": -1.78, ""2024"": 0.28, ""2025"": -0.85, ""2026"": -3.28}",0.476,0.1657,0.336,0.439,13.7,7.3,0.692
BR,tf,L100,150,1.118,-0.3234,0.3089,"{""2021"": 0.97, ""2022"": -0.03, ""2023"": 1.93, ""2024"": 0.55, ""2025"": 1.3, ""2026"": 3.14}",0.476,0.1657,0.336,0.439,13.7,7.3,0.692
BR,tf,L100_S50,150,0.767,-0.3157,0.1806,"{""2021"": 0.49, ""2022"": -0.35, ""2023"": 0.97, ""2024"": 0.58, ""2025"": 1.1, ""2026"": 2.46}",0.476,0.1657,0.336,0.439,13.7,7.3,0.692
BR,tf,L100_S100_net0,150,0.229,-0.408,0.0523,"{""2021"": -0.15, ""2022"": -0.67, ""2023"": -0.2, ""2024"": 0.56, ""2025"": 0.45, ""2026"": 1.69}",0.476,0.1657,0.336,0.439,13.7,7.3,0.692
BR,tf,S100_diagnostic,150,-1.364,-0.767,-0.2567,"{""2021"": -2.39, ""2022"": -0.6, ""2023"": -2.38, ""2024"": -0.19, ""2025"": -1.0, ""2026"": -3.52}",0.476,0.1657,0.336,0.439,13.7,7.3,0.692
BR,tf,L100,200,1.041,-0.3348,0.2878,"{""2021"": 0.9, ""2022"": -0.1, ""2023"": 1.73, ""2024"": 0.46, ""2025"": 1.25, ""2026"": 3.11}",0.476,0.1657,0.336,0.439,13.7,7.3,0.692
BR,tf,L100_S50,200,0.558,-0.353,0.1318,"{""2021"": 0.32, ""2022"": -0.53, ""2023"": 0.44, ""2024"": 0.34, ""2025"": 0.93, ""2026"": 2.35}",0.476,0.1657,0.336,0.439,13.7,7.3,0.692
BR,tf,L100_S100_net0,200,-0.105,-0.5657,-0.0243,"{""2021"": -0.41, ""2022"": -0.94, ""2023"": -0.92, ""2024"": 0.16, ""2025"": 0.18, ""2026"": 1.52}",0.476,0.1657,0.336,0.439,13.7,7.3,0.692
BR,tf,S100_diagnostic,200,-1.653,-0.8261,-0.312,"{""2021"": -2.75, ""2022"": -0.78, ""2023"": -2.97, ""2024"": -0.63, ""2025"": -1.16, ""2026"": -3.75}",0.476,0.1657,0.336,0.439,13.7,7.3,0.692
BR,d12,L100,60,1.357,-0.3597,0.3634,"{""2021"": 1.27, ""2022"": -0.36, ""2023"": 2.57, ""2024"": 0.78, ""2025"": 1.53, ""2026"": 3.48}",0.466,0.1812,0.345,0.416,13.9,7.2,0.571
BR,d12,L100_S50,60,1.119,-0.3857,0.2567,"{""2021"": 1.06, ""2022"": -1.07, ""2023"": 2.02, ""2024"": 0.89, ""2025"": 1.23, ""2026"": 2.95}",0.466,0.1812,0.345,0.416,13.9,7.2,0.571
BR,d12,L100_S100_net0,60,0.639,-0.4394,0.15,"{""2021"": 0.71, ""2022"": -1.55, ""2023"": 1.27, ""2024"": 0.55, ""2025"": 0.56, ""2026"": 2.29}",0.466,0.1812,0.345,0.416,13.9,7.2,0.571
BR,d12,S100_diagnostic,60,-1.024,-0.7244,-0.2134,"{""2021"": -1.19, ""2022"": -0.65, ""2023"": -1.34, ""2024"": -0.23, ""2025"": -0.99, ""2026"": -5.36}",0.466,0.1812,0.345,0.416,13.9,7.2,0.571
BR,d12,L100,100,1.291,-0.3739,0.346,"{""2021"": 1.23, ""2022"": -0.45, ""2023"": 2.48, ""2024"": 0.69, ""2025"": 1.45, ""2026"": 3.44}",0.466,0.1812,0.345,0.416,13.9,7.2,0.571
BR,d12,L100_S50,100,0.951,-0.4181,0.2184,"{""2021"": 0.93, ""2022"": -1.34, ""2023"": 1.82, ""2024"": 0.62, ""2025"": 1.05, ""2026"": 2.85}",0.466,0.1812,0.345,0.416,13.9,7.2,0.571
BR,d12,L100_S100_net0,100,0.386,-0.528,0.0908,"{""2021"": 0.5, ""2022"": -1.95, ""2023"": 1.01, ""2024"": 0.22, ""2025"": 0.32, ""2026"": 2.12}",0.466,0.1812,0.345,0.416,13.9,7.2,0.571
BR,d12,S100_diagnostic,100,-1.228,-0.7788,-0.2553,"{""2021"": -1.45, ""2022"": -0.83, ""2023"": -1.6, ""2024"": -0.39, ""2025"": -1.14, ""2026"": -5.77}",0.466,0.1812,0.345,0.416,13.9,7.2,0.571
BR,d12,L100,150,1.208,-0.3912,0.3243,"{""2021"": 1.17, ""2022"": -0.56, ""2023"": 2.38, ""2024"": 0.57, ""2025"": 1.36, ""2026"": 3.4}",0.466,0.1812,0.345,0.416,13.9,7.2,0.571
BR,d12,L100_S50,150,0.74,-0.4564,0.1705,"{""2021"": 0.77, ""2022"": -1.67, ""2023"": 1.58, ""2024"": 0.28, ""2025"": 0.83, ""2026"": 2.72}",0.466,0.1812,0.345,0.416,13.9,7.2,0.571
BR,d12,L100_S100_net0,150,0.071,-0.6475,0.0167,"{""2021"": 0.24, ""2022"": -2.43, ""2023"": 0.67, ""2024"": -0.19, ""2025"": 0.02, ""2026"": 1.91}",0.466,0.1812,0.345,0.416,13.9,7.2,0.571
BR,d12,S100_diagnostic,150,-1.482,-0.8321,-0.3077,"{""2021"": -1.77, ""2022"": -1.05, ""2023"": -1.94, ""2024"": -0.59, ""2025"": -1.34, ""2026"": -6.26}",0.466,0.1812,0.345,0.416,13.9,7.2,0.571
BR,d12,L100,200,1.126,-0.4081,0.3026,"{""2021"": 1.11, ""2022"": -0.66, ""2023"": 2.27, ""2024"": 0.45, ""2025"": 1.27, ""2026"": 3.35}",0.466,0.1812,0.345,0.416,13.9,7.2,0.571
BR,d12,L100_S50,200,0.531,-0.4924,0.1226,"{""2021"": 0.61, ""2022"": -2.0, ""2023"": 1.34, ""2024"": -0.07, ""2025"": 0.6, ""2026"": 2.6}",0.466,0.1812,0.345,0.416,13.9,7.2,0.571
BR,d12,L100_S100_net0,200,-0.243,-0.7373,-0.0574,"{""2021"": -0.02, ""2022"": -2.9, ""2023"": 0.34, ""2024"": -0.61, ""2025"": -0.28, ""2026"": 1.69}",0.466,0.1812,0.345,0.416,13.9,7.2,0.571
BR,d12,S100_diagnostic,200,-1.735,-0.8727,-0.36,"{""2021"": -2.09, ""2022"": -1.27, ""2023"": -2.27, ""2024"": -0.78, ""2025"": -1.54, ""2026"": -6.74}",0.466,0.1812,0.345,0.416,13.9,7.2,0.571
BR,blend50,L100,60,1.364,-0.3115,0.3684,"{""2021"": 1.29, ""2022"": -0.17, ""2023"": 2.72, ""2024"": 0.74, ""2025"": 1.32, ""2026"": 3.54}",0.488,0.1566,0.296,0.39,13.9,7.2,0.5
BR,blend50,L100_S50,60,1.32,-0.2988,0.3055,"{""2021"": 1.06, ""2022"": -0.5, ""2023"": 2.27, ""2024"": 1.34, ""2025"": 1.34, ""2026"": 3.09}",0.488,0.1566,0.296,0.39,13.9,7.2,0.5
BR,blend50,L100_S100_net0,60,1.048,-0.3291,0.2426,"{""2021"": 0.72, ""2022"": -0.7, ""2023"": 1.62, ""2024"": 1.9, ""2025"": 0.97, ""2026"": 2.52}",0.488,0.1566,0.296,0.39,13.9,7.2,0.5
BR,blend50,S100_diagnostic,60,-0.639,-0.5381,-0.1257,"{""2021"": -1.64, ""2022"": -0.3, ""2023"": -0.76, ""2024"": 0.72, ""2025"": -0.57, ""2026"": -2.93}",0.488,0.1566,0.296,0.39,13.9,7.2,0.5
BR,blend50,L100,100,1.308,-0.3243,0.3535,"{""2021"": 1.25, ""2022"": -0.23, ""2023"": 2.63, ""2024"": 0.67, ""2025"": 1.28, ""2026"": 3.51}",0.488,0.1566,0.296,0.39,13.9,7.2,0.5
BR,blend50,L100_S50,100,1.168,-0.3309,0.2709,"{""2021"": 0.93, ""2022"": -0.69, ""2023"": 2.07, ""2024"": 1.13, ""2025"": 1.2, ""2026"": 2.99}",0.488,0.1566,0.296,0.39,13.9,7.2,0.5
BR,blend50,L100_S100_net0,100,0.811,-0.38,0.1884,"{""2021"": 0.5, ""2022"": -0.97, ""2023"": 1.37, ""2024"": 1.53, ""2025"": 0.76, ""2026"": 2.36}",0.488,0.1566,0.296,0.39,13.9,7.2,0.5
BR,blend50,S100_diagnostic,100,-0.84,-0.6234,-0.1651,"{""2021"": -1.95, ""2022"": -0.44, ""2023"": -1.02, ""2024"": 0.44, ""2025"": -0.7, ""2026"": -3.19}",0.488,0.1566,0.296,0.39,13.9,7.2,0.5
BR,blend50,L100,150,1.238,-0.34,0.3348,"{""2021"": 1.19, ""2022"": -0.31, ""2023"": 2.52, ""2024"": 0.58, ""2025"": 1.21, ""2026"": 3.46}",0.488,0.1566,0.296,0.39,13.9,7.2,0.5
BR,blend50,L100_S50,150,0.979,-0.3692,0.2277,"{""2021"": 0.77, ""2022"": -0.92, ""2023"": 1.83, ""2024"": 0.85, ""2025"": 1.02, ""2026"": 2.87}",0.488,0.1566,0.296,0.39,13.9,7.2,0.5
BR,blend50,L100_S100_net0,150,0.517,-0.4385,0.1206,"{""2021"": 0.24, ""2022"": -1.31, ""2023"": 1.05, ""2024"": 1.03, ""2025"": 0.5, ""2026"": 2.16}",0.488,0.1566,0.296,0.39,13.9,7.2,0.5
BR,blend50,S100_diagnostic,150,-1.09,-0.7084,-0.2142,"{""2021"": -2.33, ""2022"": -0.6, ""2023"": -1.35, ""2024"": 0.11, ""2025"": -0.88, ""2026"": -3.49}",0.488,0.1566,0.296,0.39,13.9,7.2,0.5
BR,blend50,L100,200,1.168,-0.3554,0.3162,"{""2021"": 1.13, ""2022"": -0.38, ""2023"": 2.4, ""2024"": 0.49, ""2025"": 1.15, ""2026"": 3.41}",0.488,0.1566,0.296,0.39,13.9,7.2,0.5
BR,blend50,L100_S50,200,0.79,-0.4054,0.1845,"{""2021"": 0.62, ""2022"": -1.15, ""2023"": 1.58, ""2024"": 0.55, ""2025"": 0.85, ""2026"": 2.74}",0.488,0.1566,0.296,0.39,13.9,7.2,0.5
BR,blend50,L100_S100_net0,200,0.225,-0.5199,0.0528,"{""2021"": -0.0, ""2022"": -1.63, ""2023"": 0.73, ""2024"": 0.49, ""2025"": 0.24, ""2026"": 1.96}",0.488,0.1566,0.296,0.39,13.9,7.2,0.5
BR,blend50,S100_diagnostic,200,-1.339,-0.7745,-0.2634,"{""2021"": -2.71, ""2022"": -0.77, ""2023"": -1.68, ""2024"": -0.21, ""2025"": -1.05, ""2026"": -3.79}",0.488,0.1566,0.296,0.39,13.9,7.2,0.5
