window,signal,date,stock,fwd_20,short_pnl_contrib
CH,tf,2023-01-03,2886,0.09539474,-0.00681391
CH,tf,2023-01-03,2884,0.05882353,-0.004201680714285714
CH,tf,2023-01-03,2002,0.051839463,-0.003702818785714286
CH,tf,2023-01-03,5522,0.040780142,-0.0029128672857142855
CH,tf,2023-01-03,4904,0.040601503,-0.002900107357142857
CH,tf,2023-02-10,2603,0.16376306,-0.011697361428571426
CH,tf,2023-02-10,3034,0.09855454,-0.007039609999999999
CH,tf,2023-02-10,2344,0.07158837,-0.005113454999999999
CH,tf,2023-02-10,3661,0.06882169,-0.004915835
CH,tf,2023-02-10,2409,0.054380666,-0.003884333285714286
CH,tf,2023-03-14,3034,0.09569378,-0.00683527
CH,tf,2023-03-14,1590,0.08294931,-0.005924950714285714
CH,tf,2023-03-14,2201,0.07773386,-0.005552418571428571
CH,tf,2023-03-14,2357,0.07456979,-0.005326413571428571
CH,tf,2023-03-14,1301,0.056179777,-0.004012841214285714
CH,tf,2023-04-14,2357,0.08007117,-0.0066725974999999995
CH,tf,2023-04-14,2891,0.046666667,-0.0038888889166666667
CH,tf,2023-04-14,2618,0.036968578,-0.0030807148333333334
CH,tf,2023-04-14,2884,0.017821781,-0.0014851484166666664
CH,tf,2023-04-14,2882,0.009259259,-0.0007716049166666667
CH,tf,2023-05-15,2382,0.36633664,-0.026166902857142856
CH,tf,2023-05-15,2618,0.2905526,-0.02075375714285714
CH,tf,2023-05-15,1503,0.27391306,-0.01956521857142857
CH,tf,2023-05-15,2610,0.19109948,-0.013649962857142855
CH,tf,2023-05-15,2330,0.17425743,-0.012446959285714284
CH,tf,2023-06-12,2610,0.17362638,-0.013355875384615384
CH,tf,2023-06-12,2345,0.13788301,-0.010606385384615386
CH,tf,2023-06-12,9921,0.10165485,-0.007819603846153846
CH,tf,2023-06-12,3661,0.09859155,-0.007583965384615385
CH,tf,2023-06-12,9914,0.09798995,-0.007537688461538463
CH,tf,2023-07-12,2890,0.022727273,-0.0016233766428571427
CH,tf,2023-07-12,2880,0.020594966,-0.0014710689999999998
CH,tf,2023-07-12,2542,0.014018691,-0.0010013350714285713
CH,tf,2023-07-12,9945,-0.0042613638,0.00030438312857142854
CH,tf,2023-07-12,2312,-0.012383901,0.0008845643571428571
CH,tf,2023-08-10,2882,-0.0032292788,0.00023066277142857143
CH,tf,2023-08-10,9945,-0.0071326676,0.0005094762571428571
CH,tf,2023-08-10,3045,-0.008483564,0.0006059688571428571
CH,tf,2023-08-10,2412,-0.012711864,0.0009079902857142857
CH,tf,2023-08-10,1301,-0.022619048,0.0016156462857142857
CH,tf,2023-09-07,2454,0.1480959,-0.010578278571428571
CH,tf,2023-09-07,2903,0.038297873,-0.0027355623571428574
CH,tf,2023-09-07,3045,0.02566845,-0.0018334607142857142
CH,tf,2023-09-07,2812,0.010135135,-0.0007239382142857142
CH,tf,2023-09-07,2548,0.0011135858,-7.954184285714286e-05
CH,tf,2023-10-06,1590,0.089108914,-0.006364922428571428
CH,tf,2023-10-06,9933,0.081115335,-0.0057939524999999995
CH,tf,2023-10-06,4904,0.055256065,-0.003946861785714286
CH,tf,2023-10-06,2313,0.05172414,-0.0036945814285714285
CH,tf,2023-10-06,1402,0.032534245,-0.002323874642857143
CH,tf,2023-11-07,2880,0.06235012,-0.0044535799999999995
CH,tf,2023-11-07,2890,0.051630434,-0.003687888142857143
CH,tf,2023-11-07,1402,0.049751244,-0.0035536602857142857
CH,tf,2023-11-07,9904,0.045454547,-0.0032467533571428567
CH,tf,2023-11-07,2884,0.040733196,-0.0029095139999999998
CH,tf,2023-12-05,2615,0.11111111,-0.007936507857142857
CH,tf,2023-12-05,2002,0.017142856,-0.0012244897142857144
CH,tf,2023-12-05,2637,0.013333334,-0.000952381
CH,tf,2023-12-05,9904,-0.001610306,0.00011502185714285713
CH,tf,2023-12-05,2883,-0.004048583,0.00028918449999999996
CH,tf,2024-01-03,2912,0.009345794,-0.0007788161666666666
CH,tf,2024-01-03,2412,0.008403362,-0.0007002801666666665
CH,tf,2024-01-03,1707,0.0,-0.0
CH,tf,2024-01-03,3045,-0.0020222447,0.00016852039166666668
CH,tf,2024-01-03,2801,-0.0056497175,0.00047080979166666667
CH,tf,2024-01-31,2354,0.08858268,-0.006327334285714285
CH,tf,2024-01-31,2887,0.03768116,-0.0026915114285714285
CH,tf,2024-01-31,2801,0.022727273,-0.0016233766428571427
CH,tf,2024-01-31,2412,0.0125,-0.0008928571428571428
CH,tf,2024-01-31,1707,0.0097402595,-0.0006957328214285714
CH,tf,2024-03-11,2882,0.068817206,-0.004915514714285714
CH,tf,2024-03-11,2354,0.068716094,-0.004908292428571429
CH,tf,2024-03-11,2912,0.037383176,-0.0026702268571428566
CH,tf,2024-03-11,2542,0.028785983,-0.002056141642857143
CH,tf,2024-03-11,1301,0.023088023,-0.0016491445
CH,tf,2024-04-10,2610,0.13533835,-0.009667025
CH,tf,2024-04-10,2542,0.09975669,-0.0071254778571428565
CH,tf,2024-04-10,2201,0.054834057,-0.0039167183571428565
CH,tf,2024-04-10,1101,0.027777778,-0.001984127
CH,tf,2024-04-10,1326,0.01981982,-0.0014157014285714285
CH,tf,2024-05-09,2231,0.21860465,-0.01681574230769231
CH,tf,2024-05-09,2542,0.071902655,-0.005530973461538462
CH,tf,2024-05-09,1101,0.034534536,-0.002656502769230769
CH,tf,2024-05-09,2610,0.01986755,-0.0015282730769230772
CH,tf,2024-05-09,6770,0.016427105,-0.0012636234615384617
CH,tf,2024-06-06,2312,0.34463277,-0.024616626428571424
CH,tf,2024-06-06,2337,0.06818182,-0.00487013
CH,tf,2024-06-06,5880,0.030947777,-0.0022105554999999996
CH,tf,2024-06-06,2912,0.023765996,-0.001697571142857143
CH,tf,2024-06-06,2002,-0.008438818,0.0006027727142857144
CH,tf,2024-07-05,2912,0.0017857143,-0.00012755102142857143
CH,tf,2024-07-05,2886,-0.013064133,0.0009331523571428571
CH,tf,2024-07-05,2892,-0.013961606,0.0009972575714285714
CH,tf,2024-07-05,5880,-0.018761726,0.0013401232857142857
CH,tf,2024-07-05,1101,-0.023121387,0.0016515276428571428
CH,tf,2024-08-06,3661,0.101149425,-0.007224958928571428
CH,tf,2024-08-06,9910,0.037593983,-0.0026852844999999998
CH,tf,2024-08-06,2412,0.004115226,-0.00029394471428571427
CH,tf,2024-08-06,2912,-0.0035650623,0.00025464730714285714
CH,tf,2024-08-06,2337,-0.027881041,0.0019915029285714285
CH,tf,2024-09-03,1590,0.25618812,-0.018299151428571428
CH,tf,2024-09-03,2201,0.19367589,-0.01383399214285714
CH,tf,2024-09-03,2002,0.12264151,-0.008760107857142856
CH,tf,2024-09-03,1303,0.12222222,-0.008730158571428571
CH,tf,2024-09-03,1301,0.1106383,-0.007902735714285713
CH,tf,2024-10-04,1802,0.026385223,-0.0018846587857142855
CH,tf,2024-10-04,1215,-0.014141414,0.001010101
CH,tf,2024-10-04,1210,-0.026717557,0.0019083969285714284
CH,tf,2024-10-04,2002,-0.029411765,0.002100840357142857
CH,tf,2024-10-04,9910,-0.040677965,0.002905568928571429
CH,tf,2024-11-05,2231,0.03517588,-0.002512562857142857
CH,tf,2024-11-05,2801,0.008474576,-0.000605326857142857
CH,tf,2024-11-05,5880,0.0039525693,-0.00028232637857142855
CH,tf,2024-11-05,2027,-0.008784773,0.0006274837857142856
CH,tf,2024-11-05,3661,-0.026970955,0.0019264967857142857
CH,tf,2024-12-03,2313,0.113964684,-0.00814033457142857
CH,tf,2024-12-03,2353,0.05950841,-0.004250600714285714
CH,tf,2024-12-03,3034,0.04338843,-0.0030991735714285713
CH,tf,2024-12-03,2634,0.022909507,-0.001636393357142857
CH,tf,2024-12-03,2385,0.009868421,-0.0007048872142857142
CH,tf,2024-12-31,6770,0.07324841,-0.005232029285714286
CH,tf,2024-12-31,3034,0.06534653,-0.004667609285714285
CH,tf,2024-12-31,9921,0.024911031,-0.001779359357142857
CH,tf,2024-12-31,2385,0.016286645,-0.0011633317857142856
CH,tf,2024-12-31,1303,0.011705685,-0.0008361203571428572
CH,tf,2025-02-07,2408,0.35714287,-0.025510204999999998
CH,tf,2025-02-07,2344,0.34035087,-0.024310776428571428
CH,tf,2025-02-07,1301,0.16244411,-0.011603150714285713
CH,tf,2025-02-07,9921,0.15625,-0.011160714285714284
CH,tf,2025-02-07,9914,0.12658228,-0.009041591428571428
CH,tf,2025-03-10,2634,0.028761063,-0.0020543616428571427
CH,tf,2025-03-10,2303,-0.022296544,0.0015926102857142857
CH,tf,2025-03-10,5880,-0.022633744,0.001616696
CH,tf,2025-03-10,2890,-0.054054055,0.003861003928571428
CH,tf,2025-03-10,9933,-0.066587396,0.004756242571428571
CH,tf,2025-04-09,1503,0.33333334,-0.023809524285714284
CH,tf,2025-04-09,3037,0.21317829,-0.015227020714285713
CH,tf,2025-04-09,1513,0.16666667,-0.011904762142857142
CH,tf,2025-04-09,9921,0.10775862,-0.007697044285714286
CH,tf,2025-04-09,2890,0.104761906,-0.007482993285714286
CH,tf,2025-05-08,2892,0.0655106,-0.0054592166666666666
CH,tf,2025-05-08,2890,0.038793102,-0.0032327585000000002
CH,tf,2025-05-08,2303,0.0021953897,-0.00018294914166666666
CH,tf,2025-05-08,9945,-0.022580646,0.0018817204999999999
CH,tf,2025-05-08,5880,-0.024048096,0.002004008
CH,tf,2025-06-06,2915,0.07471264,-0.005336617142857142
CH,tf,2025-06-06,9945,0.054455444,-0.003889674571428571
CH,tf,2025-06-06,1216,0.04551201,-0.003250857857142857
CH,tf,2025-06-06,2912,0.029354207,-0.0020967290714285713
CH,tf,2025-06-06,1402,0.01832061,-0.001308615
CH,tf,2025-07-04,1303,0.32337433,-0.023098166428571425
CH,tf,2025-07-04,9933,0.18047883,-0.012891345
CH,tf,2025-07-04,9914,0.119617224,-0.008544087428571427
CH,tf,2025-07-04,1326,0.10504202,-0.007503001428571428
CH,tf,2025-07-04,1301,0.07528409,-0.005377435
CH,tf,2025-08-01,2351,0.15733333,-0.011238094999999998
CH,tf,2025-08-01,1326,0.15209125,-0.010863660714285715
CH,tf,2025-08-01,1229,0.06512141,-0.004651529285714286
CH,tf,2025-08-01,2409,0.045833334,-0.0032738095714285715
CH,tf,2025-08-01,4904,0.021818181,-0.0015584414999999998
CH,tf,2025-08-29,2324,0.20895523,-0.016073479230769232
CH,tf,2025-08-29,1476,0.09625,-0.007403846153846154
CH,tf,2025-08-29,2458,0.087866105,-0.006758931153846154
CH,tf,2025-08-29,2409,0.087649405,-0.006742261923076923
CH,tf,2025-08-29,1101,0.0738255,-0.005678884615384616
CH,tf,2025-09-26,2312,0.16966581,-0.012118986428571428
CH,tf,2025-09-26,2609,0.08490566,-0.006064689999999999
CH,tf,2025-09-26,4938,0.048022598,-0.0034301855714285712
CH,tf,2025-09-26,2324,0.020061728,-0.0014329805714285715
CH,tf,2025-09-26,9904,0.01559792,-0.0011141371428571429
CH,tf,2025-10-30,1102,0.06887052,-0.004919322857142857
CH,tf,2025-10-30,1402,0.064150944,-0.004582210285714285
CH,tf,2025-10-30,9904,0.044368602,-0.003169185857142857
CH,tf,2025-10-30,1101,0.033936653,-0.0024240466428571425
CH,tf,2025-10-30,2915,0.020484172,-0.0014631551428571426
CH,tf,2025-11-27,2344,0.32586208,-0.023275862857142855
CH,tf,2025-11-27,2609,0.08846154,-0.006318681428571429
CH,tf,2025-11-27,2618,0.08064516,-0.00576036857142857
CH,tf,2025-11-27,2610,0.0703125,-0.005022321428571428
CH,tf,2025-11-27,2603,0.06128134,-0.004377238571428571
CH,tf,2025-12-26,2408,0.469496,-0.03611507692307693
CH,tf,2025-12-26,1101,0.11802575,-0.009078903846153846
CH,tf,2025-12-26,2610,0.11435523,-0.008796556153846155
CH,tf,2025-12-26,3034,0.049136788,-0.0037797529230769234
CH,tf,2025-12-26,2618,0.03934871,-0.0030268238461538463
CH,tf,2026-01-26,2609,0.12615955,-0.010513295833333334
CH,tf,2026-01-26,2603,0.12566845,-0.010472370833333331
CH,tf,2026-01-26,2385,0.06355932,-0.00529661
CH,tf,2026-01-26,2615,0.06216216,-0.0051801799999999995
CH,tf,2026-01-26,2353,0.048732944,-0.004061078666666666
CH,tf,2026-03-05,4938,0.0971831,-0.006941649999999999
CH,tf,2026-03-05,2912,0.057208236,-0.004086302571428571
CH,tf,2026-03-05,2357,0.043643262,-0.003117375857142857
CH,tf,2026-03-05,1102,0.030478954,-0.0021770681428571427
CH,tf,2026-03-05,3034,0.025333334,-0.001809523857142857
CH,tf,2026-04-02,2408,0.36893204,-0.026352288571428573
CH,tf,2026-04-02,2376,0.35280898,-0.025200641428571428
CH,tf,2026-04-02,2354,0.286,-0.020428571428571424
CH,tf,2026-04-02,3034,0.14824447,-0.010588890714285712
CH,tf,2026-04-02,2377,0.12107623,-0.008648302142857143
CH,tf,2026-05-05,2377,0.465,-0.03321428571428572
CH,tf,2026-05-05,9910,0.19912791,-0.014223422142857142
CH,tf,2026-05-05,2385,0.13229571,-0.009449693571428571
CH,tf,2026-05-05,2542,0.08585858,-0.006132755714285714
CH,tf,2026-05-05,5880,0.07625272,-0.005446622857142857
CH,tf,2026-06-02,2634,0.1641791,-0.01172707857142857
CH,tf,2026-06-02,2610,0.1453634,-0.0103831
CH,tf,2026-06-02,2886,0.10444178,-0.007460127142857142
CH,tf,2026-06-02,9945,0.08553971,-0.006109979285714285
CH,tf,2026-06-02,9921,0.07244318,-0.005174512857142857
CH,d12,2023-01-03,2379,0.19377163,-0.013840830714285714
CH,d12,2023-01-03,2882,0.0738423,-0.00527445
CH,d12,2023-01-03,3037,0.07083333,-0.005059523571428571
CH,d12,2023-01-03,2884,0.05882353,-0.004201680714285714
CH,d12,2023-01-03,1303,0.053146854,-0.003796203857142857
CH,d12,2023-02-10,2609,0.12711865,-0.009079903571428571
CH,d12,2023-02-10,2379,0.11304348,-0.008074534285714285
CH,d12,2023-02-10,2412,0.04845815,-0.0034612964285714283
CH,d12,2023-02-10,2610,0.026455026,-0.0018896447142857141
CH,d12,2023-02-10,3037,0.019455252,-0.001389660857142857
CH,d12,2023-03-14,4904,0.10212766,-0.007294832857142856
CH,d12,2023-03-14,3037,0.061068702,-0.004362050142857143
CH,d12,2023-03-14,2884,0.052083332,-0.003720238
CH,d12,2023-03-14,9921,0.05027933,-0.003591380714285714
CH,d12,2023-03-14,2886,0.0453125,-0.0032366071428571426
CH,d12,2023-04-14,9921,0.17553191,-0.012537993571428572
CH,d12,2023-04-14,2912,0.05904059,-0.004217184999999999
CH,d12,2023-04-14,2886,0.050822124,-0.003630151714285714
CH,d12,2023-04-14,2618,0.036968578,-0.0026406127142857144
CH,d12,2023-04-14,5880,0.035781544,-0.002555824571428571
CH,d12,2023-05-15,2360,0.29473683,-0.021052630714285713
CH,d12,2023-05-15,2317,0.10294118,-0.0073529414285714275
CH,d12,2023-05-15,2409,0.08797654,-0.006284038571428572
CH,d12,2023-05-15,2313,0.04784689,-0.003417635
CH,d12,2023-05-15,9945,0.047008548,-0.003357753428571428
CH,d12,2023-06-12,9921,0.10165485,-0.0072610607142857145
CH,d12,2023-06-12,3008,0.078475334,-0.0056053809999999996
CH,d12,2023-06-12,2313,0.043378994,-0.003098499571428571
CH,d12,2023-06-12,2890,0.011494253,-0.0008210180714285714
CH,d12,2023-06-12,1402,-0.012269938,0.0008764241428571428
CH,d12,2023-07-12,1802,0.17927171,-0.012805122142857141
CH,d12,2023-07-12,2603,0.1261731,-0.009012364285714286
CH,d12,2023-07-12,2606,0.037470724,-0.0026764802857142853
CH,d12,2023-07-12,2609,0.029545454,-0.0021103895714285714
CH,d12,2023-07-12,2615,0.026369167,-0.0018835119285714283
CH,d12,2023-08-10,2337,0.13464697,-0.009617640714285714
CH,d12,2023-08-10,2603,-0.009259259,0.0006613756428571429
CH,d12,2023-08-10,1102,-0.01125,0.0008035714285714284
CH,d12,2023-08-10,1301,-0.022619048,0.0016156462857142857
CH,d12,2023-08-10,1303,-0.027298851,0.0019499179285714283
CH,d12,2023-09-07,1590,0.09071274,-0.006479481428571428
CH,d12,2023-09-07,2027,0.03462604,-0.0024732885714285713
CH,d12,2023-09-07,2637,0.029475983,-0.002105427357142857
CH,d12,2023-09-07,2606,0.013114754,-0.0009367681428571427
CH,d12,2023-09-07,2609,-0.0023446658,0.00016747612857142855
CH,d12,2023-10-06,1590,0.089108914,-0.006364922428571428
CH,d12,2023-10-06,6770,0.04805915,-0.0034327964285714285
CH,d12,2023-10-06,2603,0.038647342,-0.0027605244285714287
CH,d12,2023-10-06,2303,0.03411514,-0.002436795714285714
CH,d12,2023-10-06,2606,0.020496225,-0.0014640160714285712
CH,d12,2023-11-07,2606,0.1564482,-0.011174871428571428
CH,d12,2023-11-07,2615,0.112798266,-0.008057018999999999
CH,d12,2023-11-07,2603,0.0883721,-0.006312292857142856
CH,d12,2023-11-07,2883,0.07860262,-0.005614472857142856
CH,d12,2023-11-07,2002,0.067073174,-0.004790941
CH,d12,2023-12-05,2603,0.37606838,-0.02686202714285714
CH,d12,2023-12-05,2609,0.28331468,-0.020236762857142855
CH,d12,2023-12-05,2615,0.11111111,-0.007936507857142857
CH,d12,2023-12-05,2337,0.094736844,-0.006766917428571428
CH,d12,2023-12-05,2002,0.017142856,-0.0012244897142857144
CH,d12,2024-01-03,1503,0.12931034,-0.009236452857142856
CH,d12,2024-01-03,1513,0.06329114,-0.004520795714285714
CH,d12,2024-01-03,2618,-0.04328358,0.0030916842857142855
CH,d12,2024-01-03,9910,-0.04373178,0.003123698571428571
CH,d12,2024-01-03,1303,-0.05030488,0.0035932057142857143
CH,d12,2024-01-31,1503,0.38549617,-0.027535440714285715
CH,d12,2024-01-31,2360,0.3486005,-0.02490003571428571
CH,d12,2024-01-31,9921,0.19390582,-0.013850415714285714
CH,d12,2024-01-31,2376,0.1323764,-0.009455457142857143
CH,d12,2024-01-31,2308,0.096491225,-0.006892230357142857
CH,d12,2024-03-11,2634,0.1588785,-0.012221423076923078
CH,d12,2024-03-11,2382,0.11787819,-0.009067553076923076
CH,d12,2024-03-11,2002,0.04761905,-0.0036630038461538464
CH,d12,2024-03-11,1301,0.023088023,-0.0017760017692307693
CH,d12,2024-03-11,2308,0.0224,-0.001723076923076923
CH,d12,2024-04-10,2615,0.42410713,-0.030293366428571427
CH,d12,2024-04-10,2610,0.13533835,-0.009667025
CH,d12,2024-04-10,2542,0.09975669,-0.0071254778571428565
CH,d12,2024-04-10,2201,0.054834057,-0.0039167183571428565
CH,d12,2024-04-10,1101,0.027777778,-0.001984127
CH,d12,2024-05-09,3443,0.26377952,-0.018841394285714283
CH,d12,2024-05-09,2345,0.15276273,-0.010911623571428572
CH,d12,2024-05-09,1476,0.12909836,-0.009221311428571428
CH,d12,2024-05-09,2308,0.0815047,-0.005821764285714286
CH,d12,2024-05-09,1101,0.034534536,-0.002466752571428571
CH,d12,2024-06-06,2368,0.18489583,-0.013206845
CH,d12,2024-06-06,2408,0.14969136,-0.010692239999999999
CH,d12,2024-06-06,6770,0.08080808,-0.005772005714285714
CH,d12,2024-06-06,2345,0.058270678,-0.0041621912857142855
CH,d12,2024-06-06,5880,0.030947777,-0.0022105554999999996
CH,d12,2024-07-05,5880,-0.018761726,0.0013401232857142857
CH,d12,2024-07-05,1326,-0.029501526,0.002107251857142857
CH,d12,2024-07-05,1303,-0.035532996,0.0025380711428571426
CH,d12,2024-07-05,2337,-0.04609929,0.0032928064285714285
CH,d12,2024-07-05,2002,-0.05106383,0.003647416428571428
CH,d12,2024-08-06,3661,0.101149425,-0.007224958928571428
CH,d12,2024-08-06,2324,0.032310177,-0.002307869785714286
CH,d12,2024-08-06,2385,0.019480519,-0.0013914656428571429
CH,d12,2024-08-06,1590,0.012531328,-0.000895094857142857
CH,d12,2024-08-06,3443,-0.027586207,0.001970443357142857
CH,d12,2024-09-03,1590,0.25618812,-0.018299151428571428
CH,d12,2024-09-03,3443,0.12462006,-0.008901432857142857
CH,d12,2024-09-03,2002,0.12264151,-0.008760107857142856
CH,d12,2024-09-03,1303,0.12222222,-0.008730158571428571
CH,d12,2024-09-03,1301,0.1106383,-0.007902735714285713
CH,d12,2024-10-04,3661,0.2922252,-0.020873228571428572
CH,d12,2024-10-04,2356,0.20601852,-0.014715608571428571
CH,d12,2024-10-04,3037,0.17314488,-0.012367491428571428
CH,d12,2024-10-04,3231,0.17156863,-0.012254902142857143
CH,d12,2024-10-04,2376,0.13059701,-0.009328357857142857
CH,d12,2024-11-05,2385,-0.009771987,0.0006979990714285713
CH,d12,2024-11-05,1519,-0.020547945,0.001467710357142857
CH,d12,2024-11-05,1503,-0.026378896,0.001884206857142857
CH,d12,2024-11-05,3661,-0.026970955,0.0019264967857142857
CH,d12,2024-11-05,2356,-0.028790787,0.0020564847857142857
CH,d12,2024-12-03,3661,0.3219616,-0.022997257142857143
CH,d12,2024-12-03,2313,0.113964684,-0.00814033457142857
CH,d12,2024-12-03,1590,0.06125,-0.0043749999999999995
CH,d12,2024-12-03,2353,0.05950841,-0.004250600714285714
CH,d12,2024-12-03,3034,0.04338843,-0.0030991735714285713
CH,d12,2024-12-31,4938,0.082959644,-0.005925688857142857
CH,d12,2024-12-31,6770,0.07324841,-0.005232029285714286
CH,d12,2024-12-31,9921,0.024911031,-0.001779359357142857
CH,d12,2024-12-31,1303,0.011705685,-0.0008361203571428572
CH,d12,2024-12-31,2337,-0.0076726344,0.0005480453142857142
CH,d12,2025-02-07,2408,0.35714287,-0.025510204999999998
CH,d12,2025-02-07,2344,0.34035087,-0.024310776428571428
CH,d12,2025-02-07,1301,0.16244411,-0.011603150714285713
CH,d12,2025-02-07,9921,0.15625,-0.011160714285714284
CH,d12,2025-02-07,1326,0.117082536,-0.008363038285714285
CH,d12,2025-03-10,2303,-0.022296544,0.0018580453333333334
CH,d12,2025-03-10,2409,-0.105960265,0.008830022083333333
CH,d12,2025-03-10,1301,-0.10769231,0.008974359166666666
CH,d12,2025-03-10,1303,-0.12462908,0.010385756666666666
CH,d12,2025-03-10,2337,-0.12790698,0.010658915
CH,d12,2025-04-09,1519,0.30975956,-0.022125682857142854
CH,d12,2025-04-09,2360,0.29006085,-0.02071863214285714
CH,d12,2025-04-09,2313,0.2584964,-0.01846402857142857
CH,d12,2025-04-09,3037,0.21317829,-0.015227020714285713
CH,d12,2025-04-09,1513,0.16666667,-0.011904762142857142
CH,d12,2025-05-08,2449,0.13585746,-0.013585746000000003
CH,d12,2025-05-08,6770,0.07931034,-0.007931034
CH,d12,2025-05-08,2317,0.05102041,-0.005102041000000001
CH,d12,2025-05-08,1301,-0.028885832,0.0028885832
CH,d12,2025-05-08,1476,-0.036556605,0.0036556605
CH,d12,2025-06-06,3037,0.15,-0.010714285714285713
CH,d12,2025-06-06,1476,0.085679315,-0.006119951071428572
CH,d12,2025-06-06,9945,0.054455444,-0.003889674571428571
CH,d12,2025-06-06,2317,0.042071197,-0.0030050854999999995
CH,d12,2025-06-06,2354,0.032786883,-0.0023419202142857145
CH,d12,2025-07-04,3037,0.13913043,-0.009937887857142856
CH,d12,2025-07-04,9914,0.119617224,-0.008544087428571427
CH,d12,2025-07-04,1326,0.10504202,-0.007503001428571428
CH,d12,2025-07-04,9921,0.04524887,-0.0032320621428571423
CH,d12,2025-07-04,2458,0.036585364,-0.0026132402857142857
CH,d12,2025-08-01,2409,0.045833334,-0.0032738095714285715
CH,d12,2025-08-01,1476,0.034928847,-0.0024949176428571427
CH,d12,2025-08-01,2618,0.022280471,-0.0015914622142857143
CH,d12,2025-08-01,9933,-0.0015600624,0.00011143302857142856
CH,d12,2025-08-01,9904,-0.007017544,0.0005012531428571428
CH,d12,2025-08-29,2324,0.20895523,-0.01492537357142857
CH,d12,2025-08-29,1476,0.09625,-0.006875
CH,d12,2025-08-29,2458,0.087866105,-0.006276150357142856
CH,d12,2025-08-29,1101,0.0738255,-0.00527325
CH,d12,2025-08-29,2353,0.065404475,-0.004671748214285714
CH,d12,2025-09-26,1590,0.20982736,-0.01498766857142857
CH,d12,2025-09-26,2312,0.16966581,-0.012118986428571428
CH,d12,2025-09-26,2609,0.08490566,-0.006064689999999999
CH,d12,2025-09-26,2637,0.07666099,-0.0054757849999999995
CH,d12,2025-09-26,4938,0.048022598,-0.0034301855714285712
CH,d12,2025-10-30,1102,0.06887052,-0.004919322857142857
CH,d12,2025-10-30,1402,0.064150944,-0.004582210285714285
CH,d12,2025-10-30,1101,0.033936653,-0.0024240466428571425
CH,d12,2025-10-30,2027,0.010899182,-0.000778513
CH,d12,2025-10-30,1210,0.0,-0.0
CH,d12,2025-11-27,2609,0.08846154,-0.006318681428571429
CH,d12,2025-11-27,2618,0.08064516,-0.00576036857142857
CH,d12,2025-11-27,2603,0.06128134,-0.004377238571428571
CH,d12,2025-11-27,2002,0.04657534,-0.00332681
CH,d12,2025-11-27,1101,0.019693654,-0.0014066895714285714
CH,d12,2025-12-26,1101,0.11802575,-0.008430410714285713
CH,d12,2025-12-26,2610,0.11435523,-0.008168230714285714
CH,d12,2025-12-26,3034,0.049136788,-0.0035097705714285713
CH,d12,2025-12-26,2377,0.016753927,-0.0011967090714285712
CH,d12,2025-12-26,2353,0.01183432,-0.0008453085714285715
CH,d12,2026-01-26,2609,0.12615955,-0.009011396428571428
CH,d12,2026-01-26,2385,0.06355932,-0.004539951428571429
CH,d12,2026-01-26,2615,0.06216216,-0.0044401542857142855
CH,d12,2026-01-26,2353,0.048732944,-0.0034809245714285714
CH,d12,2026-01-26,2357,0.04563492,-0.003259637142857143
CH,d12,2026-03-05,2379,0.07775378,-0.005553841428571428
CH,d12,2026-03-05,2912,0.057208236,-0.004086302571428571
CH,d12,2026-03-05,2357,0.043643262,-0.003117375857142857
CH,d12,2026-03-05,1102,0.030478954,-0.0021770681428571427
CH,d12,2026-03-05,3034,0.025333334,-0.001809523857142857
CH,d12,2026-04-02,3661,0.6876155,-0.04911539285714286
CH,d12,2026-04-02,2376,0.35280898,-0.025200641428571428
CH,d12,2026-04-02,2354,0.286,-0.020428571428571424
CH,d12,2026-04-02,6414,0.26268116,-0.018762940000000002
CH,d12,2026-04-02,2357,0.14363636,-0.010259739999999998
CH,d12,2026-05-05,2357,0.4801272,-0.03429479999999999
CH,d12,2026-05-05,2377,0.465,-0.03321428571428572
CH,d12,2026-05-05,9910,0.19912791,-0.014223422142857142
CH,d12,2026-05-05,2385,0.13229571,-0.009449693571428571
CH,d12,2026-05-05,2610,0.11142062,-0.007958615714285714
CH,d12,2026-06-02,2634,0.1641791,-0.01172707857142857
CH,d12,2026-06-02,2610,0.1453634,-0.0103831
CH,d12,2026-06-02,2915,0.08900524,-0.006357517142857143
CH,d12,2026-06-02,9945,0.08553971,-0.006109979285714285
CH,d12,2026-06-02,9921,0.07244318,-0.005174512857142857
CH,blend50,2023-01-03,2886,0.09539474,-0.00681391
CH,blend50,2023-01-03,2882,0.0738423,-0.00527445
CH,blend50,2023-01-03,2884,0.05882353,-0.004201680714285714
CH,blend50,2023-01-03,1303,0.053146854,-0.003796203857142857
CH,blend50,2023-01-03,2883,0.031620555,-0.0022586110714285716
CH,blend50,2023-02-10,2609,0.12711865,-0.009079903571428571
CH,blend50,2023-02-10,2637,0.12274959,-0.008767827857142857
CH,blend50,2023-02-10,2412,0.04845815,-0.0034612964285714283
CH,blend50,2023-02-10,2610,0.026455026,-0.0018896447142857141
CH,blend50,2023-02-10,4904,0.018786127,-0.0013418662142857141
CH,blend50,2023-03-14,4904,0.10212766,-0.007294832857142856
CH,blend50,2023-03-14,3045,0.073619634,-0.0052585452857142854
CH,blend50,2023-03-14,3037,0.061068702,-0.004362050142857143
CH,blend50,2023-03-14,2883,0.06,-0.004285714285714285
CH,blend50,2023-03-14,1301,0.056179777,-0.004012841214285714
CH,blend50,2023-04-14,9921,0.17553191,-0.012537993571428572
CH,blend50,2023-04-14,2886,0.050822124,-0.003630151714285714
CH,blend50,2023-04-14,2891,0.046666667,-0.003333333357142857
CH,blend50,2023-04-14,2618,0.036968578,-0.0026406127142857144
CH,blend50,2023-04-14,2884,0.017821781,-0.001272984357142857
CH,blend50,2023-05-15,2618,0.2905526,-0.02075375714285714
CH,blend50,2023-05-15,2610,0.19109948,-0.013649962857142855
CH,blend50,2023-05-15,2317,0.10294118,-0.0073529414285714275
CH,blend50,2023-05-15,2886,0.07396871,-0.005283479285714285
CH,blend50,2023-05-15,2313,0.04784689,-0.003417635
CH,blend50,2023-06-12,9921,0.10165485,-0.0072610607142857145
CH,blend50,2023-06-12,2313,0.043378994,-0.003098499571428571
CH,blend50,2023-06-12,2890,0.011494253,-0.0008210180714285714
CH,blend50,2023-06-12,2915,0.0032948928,-0.0002353494857142857
CH,blend50,2023-06-12,2912,0.0017513135,-0.0001250938214285714
CH,blend50,2023-07-12,1802,0.17927171,-0.012805122142857141
CH,blend50,2023-07-12,2615,0.026369167,-0.0018835119285714283
CH,blend50,2023-07-12,1326,0.024960998,-0.0017829284285714286
CH,blend50,2023-07-12,2883,0.020576132,-0.0014697237142857142
CH,blend50,2023-07-12,1301,0.015719468,-0.0011228191428571427
CH,blend50,2023-08-10,2313,0.16778524,-0.01198466
CH,blend50,2023-08-10,2337,0.13464697,-0.009617640714285714
CH,blend50,2023-08-10,2637,0.02690583,-0.0019218449999999997
CH,blend50,2023-08-10,3045,-0.008483564,0.0006059688571428571
CH,blend50,2023-08-10,1301,-0.022619048,0.0016156462857142857
CH,blend50,2023-09-07,1590,0.09071274,-0.006479481428571428
CH,blend50,2023-09-07,2880,0.02189781,-0.0015641292857142856
CH,blend50,2023-09-07,1102,0.02022756,-0.0014448257142857142
CH,blend50,2023-09-07,2606,0.013114754,-0.0009367681428571427
CH,blend50,2023-09-07,2883,0.0,-0.0
CH,blend50,2023-10-06,1590,0.089108914,-0.006364922428571428
CH,blend50,2023-10-06,6770,0.04805915,-0.0034327964285714285
CH,blend50,2023-10-06,2303,0.03411514,-0.002436795714285714
CH,blend50,2023-10-06,1402,0.032534245,-0.002323874642857143
CH,blend50,2023-10-06,3045,0.025026068,-0.0017875762857142855
CH,blend50,2023-11-07,2606,0.1564482,-0.011174871428571428
CH,blend50,2023-11-07,2615,0.112798266,-0.008057018999999999
CH,blend50,2023-11-07,2603,0.0883721,-0.006312292857142856
CH,blend50,2023-11-07,2883,0.07860262,-0.005614472857142856
CH,blend50,2023-11-07,2002,0.067073174,-0.004790941
CH,blend50,2023-12-05,2603,0.37606838,-0.02686202714285714
CH,blend50,2023-12-05,2609,0.28331468,-0.020236762857142855
CH,blend50,2023-12-05,2615,0.11111111,-0.007936507857142857
CH,blend50,2023-12-05,2002,0.017142856,-0.0012244897142857144
CH,blend50,2023-12-05,2027,-0.0012771392,9.122422857142855e-05
CH,blend50,2024-01-03,9921,0.0055710305,-0.0004285408076923077
CH,blend50,2024-01-03,2317,-0.009615385,0.000739645
CH,blend50,2024-01-03,2887,-0.033613447,0.002585649769230769
CH,blend50,2024-01-03,1303,-0.05030488,0.0038696061538461544
CH,blend50,2024-01-03,2027,-0.05370844,0.004131418461538462
CH,blend50,2024-01-31,2360,0.3486005,-0.02490003571428571
CH,blend50,2024-01-31,9914,0.24347825,-0.01739130357142857
CH,blend50,2024-01-31,9921,0.19390582,-0.013850415714285714
CH,blend50,2024-01-31,2308,0.096491225,-0.006892230357142857
CH,blend50,2024-01-31,2207,0.038819876,-0.0027728482857142856
CH,blend50,2024-03-11,2634,0.1588785,-0.012221423076923078
CH,blend50,2024-03-11,2354,0.068716094,-0.005285853384615386
CH,blend50,2024-03-11,2002,0.04761905,-0.0036630038461538464
CH,blend50,2024-03-11,1301,0.023088023,-0.0017760017692307693
CH,blend50,2024-03-11,2308,0.0224,-0.001723076923076923
CH,blend50,2024-04-10,2610,0.13533835,-0.009667025
CH,blend50,2024-04-10,2542,0.09975669,-0.0071254778571428565
CH,blend50,2024-04-10,2201,0.054834057,-0.0039167183571428565
CH,blend50,2024-04-10,2351,0.033980582,-0.0024271844285714285
CH,blend50,2024-04-10,1101,0.027777778,-0.001984127
CH,blend50,2024-05-09,2351,0.39906102,-0.028504358571428568
CH,blend50,2024-05-09,2401,0.2366548,-0.016903914285714285
CH,blend50,2024-05-09,2231,0.21860465,-0.015614617857142857
CH,blend50,2024-05-09,2312,0.18394649,-0.013139034999999999
CH,blend50,2024-05-09,1101,0.034534536,-0.002466752571428571
CH,blend50,2024-06-06,2408,0.14969136,-0.010692239999999999
CH,blend50,2024-06-06,6770,0.08080808,-0.005772005714285714
CH,blend50,2024-06-06,2337,0.06818182,-0.00487013
CH,blend50,2024-06-06,5880,0.030947777,-0.0022105554999999996
CH,blend50,2024-06-06,2912,0.023765996,-0.001697571142857143
CH,blend50,2024-07-05,2207,-0.011345219,0.0008103727857142857
CH,blend50,2024-07-05,5880,-0.018761726,0.0013401232857142857
CH,blend50,2024-07-05,1326,-0.029501526,0.002107251857142857
CH,blend50,2024-07-05,1303,-0.035532996,0.0025380711428571426
CH,blend50,2024-07-05,2337,-0.04609929,0.0032928064285714285
CH,blend50,2024-08-06,3661,0.101149425,-0.007224958928571428
CH,blend50,2024-08-06,9910,0.037593983,-0.0026852844999999998
CH,blend50,2024-08-06,2385,0.019480519,-0.0013914656428571429
CH,blend50,2024-08-06,1590,0.012531328,-0.000895094857142857
CH,blend50,2024-08-06,2458,0.011111111,-0.0007936507857142856
CH,blend50,2024-09-03,1590,0.25618812,-0.018299151428571428
CH,blend50,2024-09-03,3443,0.12462006,-0.008901432857142857
CH,blend50,2024-09-03,2002,0.12264151,-0.008760107857142856
CH,blend50,2024-09-03,1303,0.12222222,-0.008730158571428571
CH,blend50,2024-09-03,1301,0.1106383,-0.007902735714285713
CH,blend50,2024-10-04,3661,0.2922252,-0.020873228571428572
CH,blend50,2024-10-04,2356,0.20601852,-0.014715608571428571
CH,blend50,2024-10-04,2324,0.058479533,-0.0041771095
CH,blend50,2024-10-04,2458,0.044982698,-0.003213049857142857
CH,blend50,2024-10-04,3034,-0.028431373,0.002030812357142857
CH,blend50,2024-11-05,2201,0.01056338,-0.0007545271428571428
CH,blend50,2024-11-05,2027,-0.008784773,0.0006274837857142856
CH,blend50,2024-11-05,2385,-0.009771987,0.0006979990714285713
CH,blend50,2024-11-05,3034,-0.02320888,0.0016577771428571428
CH,blend50,2024-11-05,1503,-0.026378896,0.001884206857142857
CH,blend50,2024-12-03,2313,0.113964684,-0.00814033457142857
CH,blend50,2024-12-03,1590,0.06125,-0.0043749999999999995
CH,blend50,2024-12-03,2353,0.05950841,-0.004250600714285714
CH,blend50,2024-12-03,3034,0.04338843,-0.0030991735714285713
CH,blend50,2024-12-03,2634,0.022909507,-0.001636393357142857
CH,blend50,2024-12-31,6770,0.07324841,-0.005232029285714286
CH,blend50,2024-12-31,3034,0.06534653,-0.004667609285714285
CH,blend50,2024-12-31,9921,0.024911031,-0.001779359357142857
CH,blend50,2024-12-31,1303,0.011705685,-0.0008361203571428572
CH,blend50,2024-12-31,2337,-0.0076726344,0.0005480453142857142
CH,blend50,2025-02-07,2408,0.35714287,-0.025510204999999998
CH,blend50,2025-02-07,2344,0.34035087,-0.024310776428571428
CH,blend50,2025-02-07,1301,0.16244411,-0.011603150714285713
CH,blend50,2025-02-07,9921,0.15625,-0.011160714285714284
CH,blend50,2025-02-07,1326,0.117082536,-0.008363038285714285
CH,blend50,2025-03-10,2303,-0.022296544,0.0018580453333333334
CH,blend50,2025-03-10,2890,-0.054054055,0.0045045045833333325
CH,blend50,2025-03-10,2409,-0.105960265,0.008830022083333333
CH,blend50,2025-03-10,1301,-0.10769231,0.008974359166666666
CH,blend50,2025-03-10,1303,-0.12462908,0.010385756666666666
CH,blend50,2025-04-09,1503,0.33333334,-0.023809524285714284
CH,blend50,2025-04-09,2313,0.2584964,-0.01846402857142857
CH,blend50,2025-04-09,3037,0.21317829,-0.015227020714285713
CH,blend50,2025-04-09,1513,0.16666667,-0.011904762142857142
CH,blend50,2025-04-09,2449,0.13814956,-0.009867825714285714
CH,blend50,2025-05-08,2449,0.13585746,-0.013585746000000003
CH,blend50,2025-05-08,2317,0.05102041,-0.005102041000000001
CH,blend50,2025-05-08,4938,0.023923445,-0.0023923445000000004
CH,blend50,2025-05-08,1301,-0.028885832,0.0028885832
CH,blend50,2025-05-08,1326,-0.038986355,0.0038986355000000003
CH,blend50,2025-06-06,3037,0.15,-0.010714285714285713
CH,blend50,2025-06-06,2915,0.07471264,-0.005336617142857142
CH,blend50,2025-06-06,9945,0.054455444,-0.003889674571428571
CH,blend50,2025-06-06,2354,0.032786883,-0.0023419202142857145
CH,blend50,2025-06-06,2324,0.021015761,-0.0015011257857142856
CH,blend50,2025-07-04,1303,0.32337433,-0.023098166428571425
CH,blend50,2025-07-04,9933,0.18047883,-0.012891345
CH,blend50,2025-07-04,9914,0.119617224,-0.008544087428571427
CH,blend50,2025-07-04,1326,0.10504202,-0.007503001428571428
CH,blend50,2025-07-04,2351,0.057827927,-0.004130566214285714
CH,blend50,2025-08-01,2351,0.15733333,-0.011238094999999998
CH,blend50,2025-08-01,2409,0.045833334,-0.0032738095714285715
CH,blend50,2025-08-01,1476,0.034928847,-0.0024949176428571427
CH,blend50,2025-08-01,9933,-0.0015600624,0.00011143302857142856
CH,blend50,2025-08-01,9904,-0.007017544,0.0005012531428571428
CH,blend50,2025-08-29,2324,0.20895523,-0.01492537357142857
CH,blend50,2025-08-29,1476,0.09625,-0.006875
CH,blend50,2025-08-29,2458,0.087866105,-0.006276150357142856
CH,blend50,2025-08-29,2409,0.087649405,-0.006260671785714285
CH,blend50,2025-08-29,1101,0.0738255,-0.00527325
CH,blend50,2025-09-26,1590,0.20982736,-0.01498766857142857
CH,blend50,2025-09-26,2312,0.16966581,-0.012118986428571428
CH,blend50,2025-09-26,2609,0.08490566,-0.006064689999999999
CH,blend50,2025-09-26,2637,0.07666099,-0.0054757849999999995
CH,blend50,2025-09-26,2883,0.06354515,-0.004538939285714285
CH,blend50,2025-10-30,1102,0.06887052,-0.004919322857142857
CH,blend50,2025-10-30,1402,0.064150944,-0.004582210285714285
CH,blend50,2025-10-30,9904,0.044368602,-0.003169185857142857
CH,blend50,2025-10-30,1101,0.033936653,-0.0024240466428571425
CH,blend50,2025-10-30,9945,0.011744967,-0.0008389262142857142
CH,blend50,2025-11-27,2609,0.08846154,-0.006318681428571429
CH,blend50,2025-11-27,2618,0.08064516,-0.00576036857142857
CH,blend50,2025-11-27,2603,0.06128134,-0.004377238571428571
CH,blend50,2025-11-27,2002,0.04657534,-0.00332681
CH,blend50,2025-11-27,1101,0.019693654,-0.0014066895714285714
CH,blend50,2025-12-26,2408,0.469496,-0.03353542857142857
CH,blend50,2025-12-26,1101,0.11802575,-0.008430410714285713
CH,blend50,2025-12-26,2610,0.11435523,-0.008168230714285714
CH,blend50,2025-12-26,3034,0.049136788,-0.0035097705714285713
CH,blend50,2025-12-26,4938,0.023289666,-0.0016635475714285714
CH,blend50,2026-01-26,2609,0.12615955,-0.00970458076923077
CH,blend50,2026-01-26,2603,0.12566845,-0.009666803846153846
CH,blend50,2026-01-26,2385,0.06355932,-0.004889178461538462
CH,blend50,2026-01-26,2615,0.06216216,-0.004781704615384616
CH,blend50,2026-01-26,2353,0.048732944,-0.003748688
CH,blend50,2026-03-05,2379,0.07775378,-0.005553841428571428
CH,blend50,2026-03-05,2912,0.057208236,-0.004086302571428571
CH,blend50,2026-03-05,2357,0.043643262,-0.003117375857142857
CH,blend50,2026-03-05,1102,0.030478954,-0.0021770681428571427
CH,blend50,2026-03-05,3034,0.025333334,-0.001809523857142857
CH,blend50,2026-04-02,3661,0.6876155,-0.04911539285714286
CH,blend50,2026-04-02,2408,0.36893204,-0.026352288571428573
CH,blend50,2026-04-02,2376,0.35280898,-0.025200641428571428
CH,blend50,2026-04-02,2354,0.286,-0.020428571428571424
CH,blend50,2026-04-02,6414,0.26268116,-0.018762940000000002
CH,blend50,2026-05-05,2357,0.4801272,-0.03429479999999999
CH,blend50,2026-05-05,2377,0.465,-0.03321428571428572
CH,blend50,2026-05-05,9910,0.19912791,-0.014223422142857142
CH,blend50,2026-05-05,2385,0.13229571,-0.009449693571428571
CH,blend50,2026-05-05,2610,0.11142062,-0.007958615714285714
CH,blend50,2026-06-02,2634,0.1641791,-0.01172707857142857
CH,blend50,2026-06-02,2610,0.1453634,-0.0103831
CH,blend50,2026-06-02,2915,0.08900524,-0.006357517142857143
CH,blend50,2026-06-02,9945,0.08553971,-0.006109979285714285
CH,blend50,2026-06-02,9921,0.07244318,-0.005174512857142857
BR,tf,2021-01-04,2354,0.31194296,-0.02228164
BR,tf,2021-01-04,1216,0.0089552235,-0.0006396588214285714
BR,tf,2021-01-04,2912,-0.0036764706,0.00026260504285714287
BR,tf,2021-01-04,2412,-0.00456621,0.00032615785714285717
BR,tf,2021-01-04,4904,-0.021172639,0.001512331357142857
BR,tf,2021-02-01,9945,0.103184715,-0.007370336785714285
BR,tf,2021-02-01,2385,0.09276018,-0.0066257271428571424
BR,tf,2021-02-01,2884,0.07676349,-0.005483106428571429
BR,tf,2021-02-01,2886,0.06794425,-0.0048531607142857135
BR,tf,2021-02-01,2892,0.066176474,-0.0047268909999999996
BR,tf,2021-03-11,9945,0.15127021,-0.01163617
BR,tf,2021-03-11,4904,0.03974563,-0.003057356153846154
BR,tf,2021-03-11,2886,0.039151713,-0.0030116702307692307
BR,tf,2021-03-11,2880,0.024523161,-0.0018863970000000002
BR,tf,2021-03-11,5880,0.024390243,-0.0018761725384615385
BR,tf,2021-04-12,2887,0.06716418,-0.005166475384615385
BR,tf,2021-04-12,2412,0.004464286,-0.0003434066153846154
BR,tf,2021-04-12,3045,-0.0010152285,7.80945e-05
BR,tf,2021-04-12,1434,-0.006430868,0.0004946821538461539
BR,tf,2021-04-12,4904,-0.021406727,0.0016466713076923078
BR,tf,2021-05-11,2313,0.13988096,-0.010760073846153847
BR,tf,2021-05-11,6414,0.0978836,-0.0075295076923076925
BR,tf,2021-05-11,2887,0.05944056,-0.0045723507692307696
BR,tf,2021-05-11,2207,0.04797048,-0.0036900369230769233
BR,tf,2021-05-11,3045,0.041666668,-0.0032051283076923076
BR,tf,2021-06-08,2609,0.9159292,-0.07045609230769231
BR,tf,2021-06-08,2313,0.122715406,-0.009439646615384616
BR,tf,2021-06-08,2542,0.06946108,-0.00534316
BR,tf,2021-06-08,3008,0.06779661,-0.005215123846153846
BR,tf,2021-06-08,2207,0.059859157,-0.004604550538461539
BR,tf,2021-07-07,2912,0.10133843,-0.010133843
BR,tf,2021-07-07,2542,0.090705484,-0.009070548400000001
BR,tf,2021-07-07,2880,0.059139784,-0.0059139784
BR,tf,2021-07-07,2801,0.040123455,-0.0040123455
BR,tf,2021-07-07,2412,0.03508772,-0.0035087720000000003
BR,tf,2021-08-04,2324,0.046403714,-0.0033145509999999998
BR,tf,2021-08-04,2609,0.003984064,-0.000284576
BR,tf,2021-08-04,2385,-0.0050125313,0.00035803795
BR,tf,2021-08-04,4904,-0.01141925,0.0008156607142857143
BR,tf,2021-08-04,1326,-0.014440433,0.0010314595
BR,tf,2021-09-01,2356,0.061601643,-0.004400117357142856
BR,tf,2021-09-01,2324,0.046563193,-0.003325942357142857
BR,tf,2021-09-01,4938,0.024806201,-0.0017718715
BR,tf,2021-09-01,4904,0.00990099,-0.0007072135714285714
BR,tf,2021-09-01,1326,0.0073260074,-0.0005232862428571428
BR,tf,2021-10-01,2231,0.18115942,-0.012939958571428569
BR,tf,2021-10-01,2353,0.0985325,-0.007038035714285714
BR,tf,2021-10-01,3231,0.07550645,-0.0053933178571428575
BR,tf,2021-10-01,4938,0.048411496,-0.0034579639999999996
BR,tf,2021-10-01,2385,0.033591732,-0.0023994094285714283
BR,tf,2021-11-01,6414,0.2642487,-0.018874907142857143
BR,tf,2021-11-01,2408,0.11578947,-0.008270676428571428
BR,tf,2021-11-01,1513,0.087272726,-0.006233766142857142
BR,tf,2021-11-01,2353,0.057251908,-0.004089422
BR,tf,2021-11-01,2308,0.015873017,-0.0011337869285714284
BR,tf,2021-11-29,3008,0.20854272,-0.01489590857142857
BR,tf,2021-11-29,1216,0.050458714,-0.003604193857142857
BR,tf,2021-11-29,4904,0.045528457,-0.0032520326428571427
BR,tf,2021-11-29,1402,0.044802867,-0.0032002047857142856
BR,tf,2021-11-29,9933,0.03776224,-0.002697302857142857
BR,tf,2021-12-27,2801,0.041297935,-0.0029498525
BR,tf,2021-12-27,9933,0.03369272,-0.0024066228571428573
BR,tf,2021-12-27,2412,0.012931035,-0.0009236453571428571
BR,tf,2021-12-27,1102,0.0,-0.0
BR,tf,2021-12-27,3045,-0.007960199,0.0005685856428571428
BR,tf,2022-01-25,4904,0.106153846,-0.00758241757142857
BR,tf,2022-01-25,9933,0.059973925,-0.004283851785714285
BR,tf,2022-01-25,3045,0.05315948,-0.003797105714285714
BR,tf,2022-01-25,1210,0.038314175,-0.0027367267857142854
BR,tf,2022-01-25,1102,0.029411765,-0.002100840357142857
BR,tf,2022-03-04,1802,0.116228074,-0.008302005285714285
BR,tf,2022-03-04,1101,0.06581741,-0.004701243571428572
BR,tf,2022-03-04,1102,0.06483517,-0.004631083571428571
BR,tf,2022-03-04,9904,0.039087947,-0.002791996214285714
BR,tf,2022-03-04,1402,0.03220339,-0.0023002421428571424
BR,tf,2022-04-01,2912,0.051039696,-0.0036456925714285714
BR,tf,2022-04-01,2356,0.04016064,-0.0028686171428571423
BR,tf,2022-04-01,1216,0.031866465,-0.002276176071428571
BR,tf,2022-04-01,1326,-0.002503129,0.00017879492857142857
BR,tf,2022-04-01,2317,-0.004761905,0.00034013607142857144
BR,tf,2022-05-04,2201,0.12734082,-0.009095772857142857
BR,tf,2022-05-04,2449,0.09770808,-0.006979148571428571
BR,tf,2022-05-04,2317,0.09090909,-0.006493506428571428
BR,tf,2022-05-04,1326,0.025094103,-0.0017924359285714285
BR,tf,2022-05-04,1301,0.009433962,-0.0006738544285714286
BR,tf,2022-06-01,1216,0.043010753,-0.0030721966428571426
BR,tf,2022-06-01,2912,0.038022812,-0.002715915142857143
BR,tf,2022-06-01,1301,0.009345794,-0.0006675567142857142
BR,tf,2022-06-01,2207,-0.012987013,0.0009276437857142856
BR,tf,2022-06-01,1434,-0.025878003,0.0018484287857142856
BR,tf,2022-06-30,2354,0.047872342,-0.003419453
BR,tf,2022-06-30,1216,0.03681885,-0.002629917857142857
BR,tf,2022-06-30,2912,0.03663004,-0.0026164314285714286
BR,tf,2022-06-30,2542,0.03185438,-0.002275312857142857
BR,tf,2022-06-30,3231,0.0056926,-0.0004066142857142857
BR,tf,2022-07-28,2409,0.20973782,-0.014981272857142855
BR,tf,2022-07-28,3661,0.17280453,-0.012343180714285714
BR,tf,2022-07-28,2027,0.15902579,-0.011358984999999999
BR,tf,2022-07-28,1476,0.121323526,-0.008665966142857142
BR,tf,2022-07-28,2915,0.084415585,-0.006029684642857143
BR,tf,2022-08-25,3661,0.04589372,-0.0032781228571428568
BR,tf,2022-08-25,2376,0.025287356,-0.0018062397142857142
BR,tf,2022-08-25,2409,-0.06501548,0.004643962857142857
BR,tf,2022-08-25,2357,-0.07736944,0.005526388571428571
BR,tf,2022-08-25,2883,-0.083636366,0.005974026142857143
BR,tf,2022-09-23,2408,0.18510406,-0.01322171857142857
BR,tf,2022-09-23,6770,0.087030716,-0.0062164797142857135
BR,tf,2022-09-23,2303,0.07055631,-0.005039736428571428
BR,tf,2022-09-23,3034,0.058426965,-0.004173354642857142
BR,tf,2022-09-23,3037,0.029661017,-0.002118644071428571
BR,tf,2022-10-24,2379,0.2862823,-0.020448735714285713
BR,tf,2022-10-24,3037,0.28395063,-0.020282187857142853
BR,tf,2022-10-24,2454,0.26642984,-0.019030702857142853
BR,tf,2022-10-24,3034,0.25265393,-0.018046709285714287
BR,tf,2022-10-24,2376,0.18625277,-0.013303769285714286
BR,tf,2022-11-21,2615,0.10998553,-0.007856109285714286
BR,tf,2022-11-21,2637,0.0979021,-0.006993007142857143
BR,tf,2022-11-21,2610,0.07079646,-0.0050568900000000005
BR,tf,2022-11-21,2609,0.035656404,-0.002546886
BR,tf,2022-11-21,1101,0.032159265,-0.002297090357142857
BR,tf,2022-12-19,2002,0.12829526,-0.009163947142857141
BR,tf,2022-12-19,1101,0.09643917,-0.006888512142857143
BR,tf,2022-12-19,2344,0.07125307,-0.005089505
BR,tf,2022-12-19,2610,0.0661157,-0.00472255
BR,tf,2022-12-19,2886,0.063621536,-0.004544395428571429
BR,tf,2023-01-17,2637,0.12520868,-0.008943477142857141
BR,tf,2023-01-17,2609,0.040783033,-0.0029130737857142857
BR,tf,2023-01-17,2317,0.03975535,-0.0028396678571428573
BR,tf,2023-01-17,2615,0.03968254,-0.002834467142857143
BR,tf,2023-01-17,2610,0.03875969,-0.0027685492857142855
BR,tf,2023-02-24,3661,0.16908212,-0.013006316923076924
BR,tf,2023-02-24,3037,0.06844106,-0.005264696923076923
BR,tf,2023-02-24,1590,0.06726457,-0.005174197692307692
BR,tf,2023-02-24,2408,0.06457242,-0.004967109230769232
BR,tf,2023-02-24,2603,0.016025642,-0.0012327416923076924
BR,tf,2023-03-28,3443,0.08415841,-0.006011315
BR,tf,2023-03-28,2201,0.05820106,-0.004157218571428571
BR,tf,2023-03-28,2357,0.053407,-0.003814785714285714
BR,tf,2023-03-28,3034,0.027777778,-0.001984127
BR,tf,2023-03-28,3037,0.021352313,-0.0015251652142857144
BR,tf,2023-04-28,2618,0.24029575,-0.01716398214285714
BR,tf,2023-04-28,2610,0.14736842,-0.010526315714285714
BR,tf,2023-04-28,9921,0.13868614,-0.009906152857142858
BR,tf,2023-04-28,3711,0.10945274,-0.007818052857142857
BR,tf,2023-04-28,2891,0.069869,-0.004990642857142857
BR,tf,2023-05-29,2610,0.21559633,-0.021559633
BR,tf,2023-05-29,2618,0.20566319,-0.020566319
BR,tf,2023-05-29,1513,0.17857143,-0.017857143000000002
BR,tf,2023-05-29,2379,0.03968254,-0.003968254
BR,tf,2023-05-29,2313,0.015873017,-0.0015873017
BR,tf,2023-06-28,2409,0.14133333,-0.010095237857142857
BR,tf,2023-06-28,2312,0.12714776,-0.009081982857142857
BR,tf,2023-06-28,2379,0.041984733,-0.0029989095
BR,tf,2023-06-28,9914,0.006880734,-0.000491481
BR,tf,2023-06-28,9921,0.0065075923,-0.0004648280214285714
BR,tf,2023-07-26,2357,0.16011237,-0.011436597857142856
BR,tf,2023-07-26,3045,-0.016859852,0.0012042751428571429
BR,tf,2023-07-26,2882,-0.032608695,0.0023291925
BR,tf,2023-07-26,3037,-0.057742782,0.004124484428571429
BR,tf,2023-07-26,2884,-0.06346154,0.0045329671428571425
BR,tf,2023-08-24,2337,0.07592892,-0.005423494285714286
BR,tf,2023-08-24,2606,0.070953436,-0.005068102571428571
BR,tf,2023-08-24,4904,0.024147727,-0.0017248376428571429
BR,tf,2023-08-24,2542,0.023584906,-0.0016846361428571428
BR,tf,2023-08-24,1301,0.022698613,-0.0016213294999999999
BR,tf,2023-09-21,2454,0.101876676,-0.0072769054285714285
BR,tf,2023-09-21,1590,0.078331634,-0.005595116714285714
BR,tf,2023-09-21,3045,0.01280683,-0.0009147735714285714
BR,tf,2023-09-21,1402,0.012173913,-0.0008695652142857143
BR,tf,2023-09-21,9904,0.012110727,-0.0008650519285714286
BR,tf,2023-10-24,2313,0.20484172,-0.014631551428571428
BR,tf,2023-10-24,9933,0.082914576,-0.005922469714285714
BR,tf,2023-10-24,1476,0.073446326,-0.005246166142857143
BR,tf,2023-10-24,2880,0.068627454,-0.004901961
BR,tf,2023-10-24,6770,0.061818182,-0.0044155844285714285
BR,tf,2023-11-21,2603,0.32142857,-0.022959183571428572
BR,tf,2023-11-21,2615,0.19386637,-0.013847597857142856
BR,tf,2023-11-21,2002,0.029069768,-0.0020764119999999997
BR,tf,2023-11-21,1101,0.019202363,-0.0013715973571428572
BR,tf,2023-11-21,2880,0.0045871558,-0.0003276539857142857
BR,tf,2023-12-19,2603,0.067567565,-0.004826254642857142
BR,tf,2023-12-19,2637,0.023076924,-0.001648351714285714
BR,tf,2023-12-19,2609,0.017857144,-0.0012755102857142854
BR,tf,2023-12-19,2353,0.00896861,-0.000640615
BR,tf,2023-12-19,2412,0.0,-0.0
BR,tf,2024-01-17,2412,0.029535865,-0.002109704642857143
BR,tf,2024-01-17,2801,0.029069768,-0.0020764119999999997
BR,tf,2024-01-17,3045,0.02672148,-0.0019086771428571427
BR,tf,2024-01-17,2882,0.023094688,-0.0016496205714285712
BR,tf,2024-01-17,2912,0.02268431,-0.001620307857142857
BR,tf,2024-02-23,2354,0.158,-0.011285714285714284
BR,tf,2024-02-23,9921,0.085427135,-0.006101938214285714
BR,tf,2024-02-23,2887,0.046376813,-0.0033126295
BR,tf,2024-02-23,2801,0.03954802,-0.0028248585714285715
BR,tf,2024-02-23,2892,0.03345725,-0.0023898035714285714
BR,tf,2024-03-25,5522,0.19755244,-0.01411088857142857
BR,tf,2024-03-25,2634,0.15407854,-0.01100561
BR,tf,2024-03-25,2542,0.0948718,-0.006776557142857143
BR,tf,2024-03-25,2610,0.06806283,-0.004861630714285714
BR,tf,2024-03-25,2354,0.051813472,-0.0037009622857142855
BR,tf,2024-04-24,5522,0.19270073,-0.013764337857142855
BR,tf,2024-04-24,2610,0.09803922,-0.007002801428571428
BR,tf,2024-04-24,1101,0.0640625,-0.0045758928571428565
BR,tf,2024-04-24,2201,0.051928785,-0.0037091989285714284
BR,tf,2024-04-24,2027,0.043656208,-0.003118300571428571
BR,tf,2024-05-23,2312,0.11550152,-0.00825010857142857
BR,tf,2024-05-23,9910,0.06472492,-0.004623208571428571
BR,tf,2024-05-23,6770,0.046783626,-0.0033416875714285714
BR,tf,2024-05-23,1227,0.04676259,-0.003340185
BR,tf,2024-05-23,2337,0.016981132,-0.001212938
BR,tf,2024-06-21,2912,0.023593467,-0.0016852476428571427
BR,tf,2024-06-21,1301,0.011764706,-0.0008403361428571428
BR,tf,2024-06-21,5880,0.011494253,-0.0008210180714285714
BR,tf,2024-06-21,2207,0.0062992126,-0.00044994375714285716
BR,tf,2024-06-21,2801,0.0054200543,-0.0003871467357142857
BR,tf,2024-07-19,2337,0.059615385,-0.004258241785714286
BR,tf,2024-07-19,9910,0.043636363,-0.003116883071428571
BR,tf,2024-07-19,2207,0.0031298904,-0.0002235636
BR,tf,2024-07-19,2912,-0.012411348,0.0008865248571428572
BR,tf,2024-07-19,5880,-0.020833334,0.0014880952857142856
BR,tf,2024-08-20,2912,0.06104129,-0.004360092142857142
BR,tf,2024-08-20,3045,0.054545455,-0.0038961039285714282
BR,tf,2024-08-20,2207,0.029641185,-0.0021172275
BR,tf,2024-08-20,1102,0.015819209,-0.0011299435
BR,tf,2024-08-20,2412,0.012145749,-0.0008675535
BR,tf,2024-09-18,1590,0.18855657,-0.013468326428571428
BR,tf,2024-09-18,2324,0.072592594,-0.005185185285714285
BR,tf,2024-09-18,2002,0.051643193,-0.0036887994999999997
BR,tf,2024-09-18,2201,0.03024911,-0.002160650714285714
BR,tf,2024-09-18,2385,0.006060606,-0.0004329004285714285
BR,tf,2024-10-21,3661,0.1393643,-0.009954592857142857
BR,tf,2024-10-21,2356,0.06521739,-0.004658385
BR,tf,2024-10-21,2002,-0.004464286,0.00031887757142857136
BR,tf,2024-10-21,2201,-0.008635579,0.0006168270714285714
BR,tf,2024-10-21,1303,-0.010882708,0.0007773362857142857
BR,tf,2024-11-19,3661,0.4334764,-0.030962599999999996
BR,tf,2024-11-19,2368,0.34757835,-0.024827024999999996
BR,tf,2024-11-19,3034,0.022869023,-0.0016335016428571426
BR,tf,2024-11-19,2634,-0.004602992,0.00032878514285714284
BR,tf,2024-11-19,2353,-0.005291005,0.00037792892857142855
BR,tf,2024-12-17,2385,0.027027028,-0.001930502
BR,tf,2024-12-17,3034,0.026422765,-0.0018873403571428571
BR,tf,2024-12-17,2353,-0.015957447,0.0011398176428571427
BR,tf,2024-12-17,9921,-0.026490066,0.0018921475714285714
BR,tf,2024-12-17,2303,-0.049199086,0.0035142204285714285
BR,tf,2025-01-15,2408,0.41594455,-0.029710325
BR,tf,2025-01-15,2344,0.34642857,-0.024744897857142855
BR,tf,2025-01-15,1519,0.31936127,-0.02281151928571428
BR,tf,2025-01-15,6770,0.29411766,-0.021008404285714283
BR,tf,2025-01-15,1503,0.14124294,-0.010088781428571428
BR,tf,2025-02-21,2303,0.029850746,-0.002713704181818182
BR,tf,2025-02-21,2409,-0.023255814,0.0021141649090909093
BR,tf,2025-02-21,1301,-0.03652393,0.003320357272727273
BR,tf,2025-02-21,2337,-0.048387095,0.004398826818181818
BR,tf,2025-02-21,2353,-0.05388471,0.00489861
BR,tf,2025-03-24,2303,-0.032329988,0.0023092848571428567
BR,tf,2025-03-24,1303,-0.05304212,0.0037887228571428567
BR,tf,2025-03-24,2890,-0.092920355,0.006637168214285714
BR,tf,2025-03-24,1301,-0.10980392,0.007843137142857143
BR,tf,2025-03-24,1326,-0.1125,0.008035714285714285
BR,tf,2025-04-23,1503,0.40433213,-0.028880866428571426
BR,tf,2025-04-23,1513,0.23790322,-0.016993087142857143
BR,tf,2025-04-23,3037,0.22543353,-0.016102395
BR,tf,2025-04-23,2890,0.14390244,-0.010278745714285713
BR,tf,2025-04-23,2303,0.10714286,-0.007653061428571428
BR,tf,2025-05-22,3037,0.03773585,-0.002695417857142857
BR,tf,2025-05-22,2915,0.0038535646,-0.00027525461428571426
BR,tf,2025-05-22,1216,-0.008760951,0.0006257822142857142
BR,tf,2025-05-22,2912,-0.01532567,0.0010946907142857143
BR,tf,2025-05-22,2303,-0.021852238,0.0015608741428571426
BR,tf,2025-06-20,1326,0.15470852,-0.01105060857142857
BR,tf,2025-06-20,1301,0.11942446,-0.008530318571428571
BR,tf,2025-06-20,9933,0.11706349,-0.008361677857142856
BR,tf,2025-06-20,1303,0.099631,-0.0071164999999999996
BR,tf,2025-06-20,1216,0.09343434,-0.006673881428571429
BR,tf,2025-07-18,1303,0.5520134,-0.03942952857142857
BR,tf,2025-07-18,1326,0.1553398,-0.0110957
BR,tf,2025-07-18,9914,0.062801935,-0.0044858525
BR,tf,2025-07-18,2351,0.04953146,-0.0035379614285714284
BR,tf,2025-07-18,2409,0.045833334,-0.0032738095714285715
BR,tf,2025-08-15,2324,0.10307414,-0.007362438571428571
BR,tf,2025-08-15,9933,0.051643193,-0.0036887994999999997
BR,tf,2025-08-15,2915,0.021032505,-0.0015023217857142856
BR,tf,2025-08-15,2351,0.020408163,-0.0014577259285714285
BR,tf,2025-08-15,9945,0.01836394,-0.0013117099999999998
BR,tf,2025-09-12,2312,0.1769437,-0.012638835714285715
BR,tf,2025-09-12,1476,0.07682927,-0.005487805
BR,tf,2025-09-12,2409,0.06,-0.004285714285714285
BR,tf,2025-09-12,6446,0.044444446,-0.0031746032857142854
BR,tf,2025-09-12,2324,0.044262294,-0.0031615924285714283
BR,tf,2025-10-15,1402,0.025878003,-0.0018484287857142856
BR,tf,2025-10-15,9904,0.023972603,-0.0017123287857142855
BR,tf,2025-10-15,4938,0.02225313,-0.0015895092857142856
BR,tf,2025-10-15,9945,0.01842546,-0.0013161042857142858
BR,tf,2025-10-15,2883,0.012658228,-0.0009041591428571429
BR,tf,2025-11-13,9904,0.045150504,-0.0032250359999999997
BR,tf,2025-11-13,2002,0.041666668,-0.002976190571428571
BR,tf,2025-11-13,1101,0.039534885,-0.0028239203571428567
BR,tf,2025-11-13,1402,0.014414415,-0.0010296010714285714
BR,tf,2025-11-13,1102,0.00802139,-0.0005729564285714286
BR,tf,2025-12-11,2408,0.41975307,-0.02998236214285714
BR,tf,2025-12-11,2344,0.3378016,-0.02412868571428571
BR,tf,2025-12-11,1101,0.11633109,-0.008309363571428571
BR,tf,2025-12-11,2609,0.09055118,-0.006467941428571428
BR,tf,2025-12-11,2603,0.06557377,-0.004683840714285715
BR,tf,2026-01-12,2385,0.03448276,-0.002873563333333333
BR,tf,2026-01-12,2353,0.026565464,-0.0022137886666666667
BR,tf,2026-01-12,1101,0.022044089,-0.0018370074166666665
BR,tf,2026-01-12,4938,0.0071225073,-0.000593542275
BR,tf,2026-01-12,1402,-0.0017825312,0.00014854426666666666
BR,tf,2026-02-09,2603,0.15053764,-0.010752688571428571
BR,tf,2026-02-09,4938,0.089108914,-0.006364922428571428
BR,tf,2026-02-09,2344,0.062801935,-0.0044858525
BR,tf,2026-02-09,2609,0.0625,-0.004464285714285714
BR,tf,2026-02-09,2615,0.060402684,-0.004314477428571428
BR,tf,2026-03-19,2376,0.1609658,-0.011497557142857141
BR,tf,2026-03-19,4938,0.09090909,-0.006493506428571428
BR,tf,2026-03-19,2912,0.08986175,-0.006418696428571428
BR,tf,2026-03-19,3034,0.07922078,-0.005658627142857143
BR,tf,2026-03-19,2357,0.029209621,-0.0020864015
BR,tf,2026-04-20,2542,0.28908554,-0.02064896714285714
BR,tf,2026-04-20,2408,0.25,-0.017857142857142856
BR,tf,2026-04-20,2377,0.1673774,-0.011955528571428571
BR,tf,2026-04-20,3034,0.13718411,-0.009798864999999999
BR,tf,2026-04-20,2354,0.08901515,-0.0063582249999999995
BR,tf,2026-05-19,2377,0.25114155,-0.01793868214285714
BR,tf,2026-05-19,2610,0.20054945,-0.014324960714285713
BR,tf,2026-05-19,2915,0.19362187,-0.01383013357142857
BR,tf,2026-05-19,9945,0.15811966,-0.011294261428571428
BR,tf,2026-05-19,2337,0.14539006,-0.010385004285714284
BR,tf,2026-06-16,2634,0.29661018,-0.02118644142857143
BR,tf,2026-06-16,9921,0.15159574,-0.010828267142857144
BR,tf,2026-06-16,9914,0.15068494,-0.010763209999999999
BR,tf,2026-06-16,2207,0.053087756,-0.0037919825714285713
BR,tf,2026-06-16,2812,0.035264485,-0.0025188917857142854
BR,d12,2021-01-04,3231,0.021311475,-0.001522248214285714
BR,d12,2021-01-04,1216,0.0089552235,-0.0006396588214285714
BR,d12,2021-01-04,2912,-0.0036764706,0.00026260504285714287
BR,d12,2021-01-04,4904,-0.021172639,0.001512331357142857
BR,d12,2021-01-04,3045,-0.024193548,0.0017281105714285713
BR,d12,2021-02-01,3008,0.1530782,-0.010934157142857143
BR,d12,2021-02-01,2884,0.07676349,-0.005483106428571429
BR,d12,2021-02-01,2886,0.06794425,-0.0048531607142857135
BR,d12,2021-02-01,2892,0.066176474,-0.0047268909999999996
BR,d12,2021-02-01,2880,0.06376812,-0.004554865714285714
BR,d12,2021-03-11,9921,0.20244329,-0.014460234999999998
BR,d12,2021-03-11,1101,0.10538641,-0.007527600714285714
BR,d12,2021-03-11,2376,0.0855615,-0.0061115357142857134
BR,d12,2021-03-11,2880,0.024523161,-0.0017516543571428572
BR,d12,2021-03-11,3231,0.023148147,-0.0016534390714285714
BR,d12,2021-04-12,2412,0.004464286,-0.00031887757142857136
BR,d12,2021-04-12,3045,-0.0010152285,7.251632142857142e-05
BR,d12,2021-04-12,1434,-0.006430868,0.00045934771428571427
BR,d12,2021-04-12,2542,-0.020689655,0.0014778325
BR,d12,2021-04-12,2884,-0.032380953,0.002312925214285714
BR,d12,2021-05-11,2368,0.36200717,-0.025857654999999997
BR,d12,2021-05-11,2313,0.13988096,-0.009991497142857143
BR,d12,2021-05-11,2634,0.101886794,-0.007277628142857142
BR,d12,2021-05-11,3661,0.09015544,-0.006439674285714286
BR,d12,2021-05-11,3008,0.049822062,-0.003558718714285714
BR,d12,2021-06-08,2313,0.122715406,-0.009439646615384616
BR,d12,2021-06-08,6414,0.106024094,-0.008155699538461538
BR,d12,2021-06-08,2542,0.06946108,-0.00534316
BR,d12,2021-06-08,3008,0.06779661,-0.005215123846153846
BR,d12,2021-06-08,2207,0.059859157,-0.004604550538461539
BR,d12,2021-07-07,2912,0.10133843,-0.007238459285714285
BR,d12,2021-07-07,2542,0.090705484,-0.006478963142857143
BR,d12,2021-07-07,5522,0.058601134,-0.0041857952857142855
BR,d12,2021-07-07,2801,0.040123455,-0.0028659610714285716
BR,d12,2021-07-07,1513,0.016064256,-0.001147446857142857
BR,d12,2021-08-04,3661,0.20065789,-0.014332706428571429
BR,d12,2021-08-04,2324,0.046403714,-0.0033145509999999998
BR,d12,2021-08-04,2330,0.018456375,-0.0013183125
BR,d12,2021-08-04,2354,0.015822785,-0.0011301989285714285
BR,d12,2021-08-04,3231,0.014760148,-0.0010542962857142857
BR,d12,2021-09-01,3661,0.097260274,-0.006947162428571428
BR,d12,2021-09-01,3443,0.026548672,-0.0018963337142857142
BR,d12,2021-09-01,4938,0.024806201,-0.0017718715
BR,d12,2021-09-01,2313,0.008739077,-0.0006242197857142857
BR,d12,2021-09-01,2382,0.0025940337,-0.00018528812142857144
BR,d12,2021-10-01,2458,0.15517241,-0.011083743571428571
BR,d12,2021-10-01,2409,0.13095239,-0.009353742142857143
BR,d12,2021-10-01,2377,0.12992126,-0.00928009
BR,d12,2021-10-01,2337,0.112834975,-0.00805964107142857
BR,d12,2021-10-01,2353,0.0985325,-0.007038035714285714
BR,d12,2021-11-01,2610,0.37203166,-0.026573689999999997
BR,d12,2021-11-01,2344,0.22328244,-0.015948745714285714
BR,d12,2021-11-01,2345,0.1494024,-0.010671599999999998
BR,d12,2021-11-01,3034,0.14796548,-0.010568962857142858
BR,d12,2021-11-01,2377,0.1358885,-0.009706321428571427
BR,d12,2021-11-29,3008,0.20854272,-0.01489590857142857
BR,d12,2021-11-29,1590,0.19883041,-0.014202172142857144
BR,d12,2021-11-29,2353,0.08844765,-0.006317689285714285
BR,d12,2021-11-29,2002,0.08755761,-0.006254114999999999
BR,d12,2021-11-29,2308,0.083984375,-0.005998883928571428
BR,d12,2021-12-27,2345,0.011450382,-0.0008178844285714285
BR,d12,2021-12-27,1102,0.0,-0.0
BR,d12,2021-12-27,1402,-0.012006861,0.0008576329285714286
BR,d12,2021-12-27,2458,-0.024169184,0.0017263702857142856
BR,d12,2021-12-27,2308,-0.034234233,0.0024453023571428573
BR,d12,2022-01-25,2603,0.33628318,-0.02402022714285714
BR,d12,2022-01-25,2609,0.27281946,-0.019487104285714287
BR,d12,2022-01-25,2615,0.22033899,-0.015738499285714285
BR,d12,2022-01-25,2027,0.19501133,-0.013929380714285714
BR,d12,2022-01-25,2606,0.14124294,-0.010088781428571428
BR,d12,2022-03-04,1802,0.116228074,-0.009685672833333332
BR,d12,2022-03-04,2401,0.10843374,-0.009036144999999999
BR,d12,2022-03-04,3711,0.045081966,-0.0037568305
BR,d12,2022-03-04,1210,0.018450184,-0.0015375153333333333
BR,d12,2022-03-04,2912,0.013409962,-0.0011174968333333333
BR,d12,2022-04-01,1476,0.03785489,-0.002703920714285714
BR,d12,2022-04-01,9910,0.015665796,-0.0011189854285714284
BR,d12,2022-04-01,9914,0.008097166,-0.0005783689999999999
BR,d12,2022-04-01,2379,0.004842615,-0.0003459010714285714
BR,d12,2022-04-01,9904,-0.010971786,0.000783699
BR,d12,2022-05-04,3443,0.11065574,-0.007903981428571428
BR,d12,2022-05-04,2454,0.06777646,-0.0048411757142857136
BR,d12,2022-05-04,2379,0.063855425,-0.004561101785714285
BR,d12,2022-05-04,2377,0.051587302,-0.0036848072857142856
BR,d12,2022-05-04,2615,0.035947714,-0.002567693857142857
BR,d12,2022-06-01,3008,0.011976048,-0.0008554319999999999
BR,d12,2022-06-01,1101,-0.0323741,0.002312435714285714
BR,d12,2022-06-01,2345,-0.048672568,0.0034766119999999996
BR,d12,2022-06-01,2308,-0.063424945,0.004530353214285714
BR,d12,2022-06-01,2881,-0.08477237,0.006055169285714286
BR,d12,2022-06-30,2603,0.19674185,-0.014052989285714284
BR,d12,2022-06-30,2344,0.15461347,-0.011043819285714285
BR,d12,2022-06-30,2376,0.121472396,-0.008676599714285714
BR,d12,2022-06-30,2454,0.11601307,-0.008286647857142856
BR,d12,2022-06-30,3661,0.10485133,-0.007489380714285714
BR,d12,2022-07-28,2409,0.20973782,-0.014981272857142855
BR,d12,2022-07-28,3661,0.17280453,-0.012343180714285714
BR,d12,2022-07-28,1476,0.121323526,-0.008665966142857142
BR,d12,2022-07-28,2883,0.065891474,-0.004706533857142857
BR,d12,2022-07-28,2379,0.03362573,-0.002401837857142857
BR,d12,2022-08-25,2603,0.6631016,-0.047364399999999994
BR,d12,2022-08-25,3661,0.04589372,-0.0032781228571428568
BR,d12,2022-08-25,2376,0.025287356,-0.0018062397142857142
BR,d12,2022-08-25,2377,-0.047210302,0.0033721644285714288
BR,d12,2022-08-25,2357,-0.07736944,0.005526388571428571
BR,d12,2022-09-23,2408,0.18510406,-0.014238773846153846
BR,d12,2022-09-23,6770,0.087030716,-0.006694670461538462
BR,d12,2022-09-23,2303,0.07055631,-0.005427408461538462
BR,d12,2022-09-23,3034,0.058426965,-0.0044943819230769235
BR,d12,2022-09-23,3037,0.029661017,-0.0022816166923076927
BR,d12,2022-10-24,2379,0.2862823,-0.020448735714285713
BR,d12,2022-10-24,3037,0.28395063,-0.020282187857142853
BR,d12,2022-10-24,2454,0.26642984,-0.019030702857142853
BR,d12,2022-10-24,3034,0.25265393,-0.018046709285714287
BR,d12,2022-10-24,2883,0.17467248,-0.012476605714285712
BR,d12,2022-11-21,2615,0.10998553,-0.007856109285714286
BR,d12,2022-11-21,2637,0.0979021,-0.006993007142857143
BR,d12,2022-11-21,2610,0.07079646,-0.0050568900000000005
BR,d12,2022-11-21,2609,0.035656404,-0.002546886
BR,d12,2022-11-21,2357,0.03065134,-0.0021893814285714286
BR,d12,2022-12-19,3034,0.17,-0.012142857142857143
BR,d12,2022-12-19,2454,0.14396285,-0.010283060714285714
BR,d12,2022-12-19,2379,0.12914485,-0.009224632142857143
BR,d12,2022-12-19,3037,0.07509881,-0.005364200714285714
BR,d12,2022-12-19,2344,0.07125307,-0.005089505
BR,d12,2023-01-17,2379,0.17156105,-0.012254360714285713
BR,d12,2023-01-17,2303,0.051229507,-0.0036592505
BR,d12,2023-01-17,2609,0.040783033,-0.0029130737857142857
BR,d12,2023-01-17,2615,0.03968254,-0.002834467142857143
BR,d12,2023-01-17,2610,0.03875969,-0.0027685492857142855
BR,d12,2023-02-24,4904,0.10058309,-0.007184506428571429
BR,d12,2023-02-24,3037,0.06844106,-0.004888647142857142
BR,d12,2023-02-24,3045,0.05235602,-0.003739715714285714
BR,d12,2023-02-24,2412,0.04347826,-0.0031055899999999997
BR,d12,2023-02-24,2317,0.014705882,-0.0010504201428571428
BR,d12,2023-03-28,9921,0.17428571,-0.012448979285714286
BR,d12,2023-03-28,1101,0.09766162,-0.00697583
BR,d12,2023-03-28,2360,0.072829135,-0.005202081071428571
BR,d12,2023-03-28,2891,0.05529954,-0.003949967142857142
BR,d12,2023-03-28,2886,0.039634146,-0.0028310104285714285
BR,d12,2023-04-28,2618,0.24029575,-0.01716398214285714
BR,d12,2023-04-28,2360,0.18015666,-0.012868332857142856
BR,d12,2023-04-28,2610,0.14736842,-0.010526315714285714
BR,d12,2023-04-28,9921,0.13868614,-0.009906152857142858
BR,d12,2023-04-28,2884,0.04016064,-0.0028686171428571423
BR,d12,2023-05-29,2915,0.07473309,-0.005338077857142857
BR,d12,2023-05-29,2409,0.06534091,-0.004667207857142857
BR,d12,2023-05-29,2317,0.056074765,-0.0040053403571428565
BR,d12,2023-05-29,1402,0.040498443,-0.0028927459285714285
BR,d12,2023-05-29,9945,0.025677603,-0.0018341145
BR,d12,2023-06-28,2881,0.068515494,-0.004893963857142857
BR,d12,2023-06-28,2890,0.06628242,-0.004734458571428571
BR,d12,2023-06-28,2882,0.059907835,-0.004279131071428571
BR,d12,2023-06-28,3008,0.016431924,-0.0011737088571428572
BR,d12,2023-06-28,2883,0.011952192,-0.000853728
BR,d12,2023-07-26,2606,0.04398148,-0.0031415342857142856
BR,d12,2023-07-26,2603,0.024271844,-0.0017337031428571428
BR,d12,2023-07-26,2337,0.011437909,-0.0008169935
BR,d12,2023-07-26,2313,-0.034406215,0.002457586785714285
BR,d12,2023-07-26,1301,-0.048019208,0.0034299434285714283
BR,d12,2023-08-24,1590,0.14302325,-0.010215946428571427
BR,d12,2023-08-24,9910,0.13690476,-0.009778911428571428
BR,d12,2023-08-24,2609,0.089179546,-0.006369967571428571
BR,d12,2023-08-24,2603,0.08530806,-0.006093432857142857
BR,d12,2023-08-24,2615,0.078431375,-0.0056022410714285705
BR,d12,2023-09-21,2351,0.0952381,-0.006802721428571429
BR,d12,2023-09-21,2303,0.08158765,-0.005827689285714285
BR,d12,2023-09-21,1590,0.078331634,-0.005595116714285714
BR,d12,2023-09-21,6770,0.022304833,-0.0015932023571428571
BR,d12,2023-09-21,9904,0.012110727,-0.0008650519285714286
BR,d12,2023-10-24,1303,0.08557845,-0.006112746428571428
BR,d12,2023-10-24,1101,0.07290016,-0.005207154285714286
BR,d12,2023-10-24,6770,0.061818182,-0.0044155844285714285
BR,d12,2023-10-24,2603,0.061611373,-0.0044008123571428566
BR,d12,2023-10-24,2002,0.057377048,-0.004098360571428571
BR,d12,2023-11-21,2603,0.32142857,-0.022959183571428572
BR,d12,2023-11-21,2609,0.2129964,-0.01521402857142857
BR,d12,2023-11-21,2615,0.19386637,-0.013847597857142856
BR,d12,2023-11-21,1503,0.16336633,-0.011669023571428572
BR,d12,2023-11-21,2606,0.15265487,-0.010903919285714285
BR,d12,2023-12-19,2409,0.10606061,-0.0075757578571428565
BR,d12,2023-12-19,2603,0.067567565,-0.004826254642857142
BR,d12,2023-12-19,2618,0.0375817,-0.002684407142857143
BR,d12,2023-12-19,2360,0.023923445,-0.0017088175
BR,d12,2023-12-19,2609,0.017857144,-0.0012755102857142854
BR,d12,2024-01-17,1503,0.56696427,-0.040497447857142856
BR,d12,2024-01-17,2376,0.30859375,-0.022042410714285712
BR,d12,2024-01-17,3231,0.1975435,-0.01411025
BR,d12,2024-01-17,9921,0.1951952,-0.013942514285714285
BR,d12,2024-01-17,2360,0.10747664,-0.007676902857142857
BR,d12,2024-02-23,2308,0.16440678,-0.011743341428571428
BR,d12,2024-02-23,2354,0.158,-0.011285714285714284
BR,d12,2024-02-23,2360,0.06540085,-0.004671489285714286
BR,d12,2024-02-23,2409,0.03133903,-0.0022385021428571426
BR,d12,2024-02-23,2027,0.008298756,-0.0005927682857142856
BR,d12,2024-03-25,2634,0.15407854,-0.01100561
BR,d12,2024-03-25,2542,0.0948718,-0.006776557142857143
BR,d12,2024-03-25,2610,0.06806283,-0.004861630714285714
BR,d12,2024-03-25,2002,0.022916667,-0.0016369047857142857
BR,d12,2024-03-25,1101,0.014263075,-0.0010187910714285714
BR,d12,2024-04-24,2615,0.64615387,-0.046153847857142855
BR,d12,2024-04-24,2345,0.276808,-0.019771999999999998
BR,d12,2024-04-24,3443,0.22083333,-0.015773809285714285
BR,d12,2024-04-24,6770,0.16856492,-0.012040351428571428
BR,d12,2024-04-24,2360,0.14198783,-0.010141987857142857
BR,d12,2024-05-23,1476,0.10358974,-0.007399267142857142
BR,d12,2024-05-23,2408,0.072981365,-0.005212954642857143
BR,d12,2024-05-23,9910,0.06472492,-0.004623208571428571
BR,d12,2024-05-23,3443,0.058020476,-0.004144319714285714
BR,d12,2024-05-23,2345,0.048828125,-0.003487723214285714
BR,d12,2024-06-21,2027,0.06420765,-0.004586260714285715
BR,d12,2024-06-21,3661,0.06346154,-0.0045329671428571425
BR,d12,2024-06-21,1301,0.011764706,-0.0008403361428571428
BR,d12,2024-06-21,1303,0.003992016,-0.000285144
BR,d12,2024-06-21,1476,-0.003717472,0.00026553371428571427
BR,d12,2024-07-19,2337,0.059615385,-0.004258241785714286
BR,d12,2024-07-19,9910,0.043636363,-0.003116883071428571
BR,d12,2024-07-19,2324,0.009244992,-0.0006603565714285714
BR,d12,2024-07-19,2377,-0.0028490028,0.0002035002
BR,d12,2024-07-19,2002,-0.04978355,0.0035559678571428573
BR,d12,2024-08-20,3037,0.068627454,-0.004901961
BR,d12,2024-08-20,2409,0.033950616,-0.002425044
BR,d12,2024-08-20,2324,0.030534351,-0.0021810250714285715
BR,d12,2024-08-20,3231,0.009852217,-0.0007037297857142857
BR,d12,2024-08-20,2376,-0.013513514,0.000965251
BR,d12,2024-09-18,3443,0.25490198,-0.018207284285714283
BR,d12,2024-09-18,1590,0.18855657,-0.013468326428571428
BR,d12,2024-09-18,3231,0.10243902,-0.0073170728571428575
BR,d12,2024-09-18,2376,0.072407044,-0.005171931714285714
BR,d12,2024-09-18,2002,0.051643193,-0.0036887994999999997
BR,d12,2024-10-21,3661,0.1393643,-0.009954592857142857
BR,d12,2024-10-21,2356,0.06521739,-0.004658385
BR,d12,2024-10-21,2379,0.031185031,-0.002227502214285714
BR,d12,2024-10-21,2376,0.018248174,-0.0013034409999999998
BR,d12,2024-10-21,2002,-0.004464286,0.00031887757142857136
BR,d12,2024-11-19,2313,0.15522876,-0.01108776857142857
BR,d12,2024-11-19,9914,0.071428575,-0.00510204107142857
BR,d12,2024-11-19,1590,0.054678008,-0.003905572
BR,d12,2024-11-19,3034,0.022869023,-0.0016335016428571426
BR,d12,2024-11-19,9921,0.013422819,-0.0009587727857142857
BR,d12,2024-12-17,2385,0.027027028,-0.001930502
BR,d12,2024-12-17,3034,0.026422765,-0.0018873403571428571
BR,d12,2024-12-17,3037,-0.006993007,0.0004995005
BR,d12,2024-12-17,2353,-0.015957447,0.0011398176428571427
BR,d12,2024-12-17,9921,-0.026490066,0.0018921475714285714
BR,d12,2025-01-15,2408,0.41594455,-0.029710325
BR,d12,2025-01-15,2344,0.34642857,-0.024744897857142855
BR,d12,2025-01-15,1519,0.31936127,-0.02281151928571428
BR,d12,2025-01-15,6770,0.29411766,-0.021008404285714283
BR,d12,2025-01-15,2337,0.17615177,-0.012582269285714286
BR,d12,2025-02-21,2303,0.029850746,-0.0029850746
BR,d12,2025-02-21,2887,0.014326648,-0.0014326648000000002
BR,d12,2025-02-21,2409,-0.023255814,0.0023255814
BR,d12,2025-02-21,1301,-0.03652393,0.0036523930000000003
BR,d12,2025-02-21,2337,-0.048387095,0.0048387095
BR,d12,2025-03-24,2303,-0.032329988,0.0023092848571428567
BR,d12,2025-03-24,2337,-0.041162226,0.002940159
BR,d12,2025-03-24,1303,-0.05304212,0.0037887228571428567
BR,d12,2025-03-24,2408,-0.0799508,0.005710771428571428
BR,d12,2025-03-24,1301,-0.10980392,0.007843137142857143
BR,d12,2025-04-23,1503,0.40433213,-0.028880866428571426
BR,d12,2025-04-23,3037,0.22543353,-0.016102395
BR,d12,2025-04-23,1519,0.22506393,-0.016075995
BR,d12,2025-04-23,2360,0.1842576,-0.013161257142857142
BR,d12,2025-04-23,2408,0.13770053,-0.00983575214285714
BR,d12,2025-05-22,2360,0.07099698,-0.005071212857142857
BR,d12,2025-05-22,2354,0.06101695,-0.004358353571428571
BR,d12,2025-05-22,6446,0.053892214,-0.003849443857142857
BR,d12,2025-05-22,2449,0.04338843,-0.0030991735714285713
BR,d12,2025-05-22,3037,0.03773585,-0.002695417857142857
BR,d12,2025-06-20,3037,0.21363637,-0.015259740714285713
BR,d12,2025-06-20,1326,0.15470852,-0.01105060857142857
BR,d12,2025-06-20,2449,0.13366337,-0.00954738357142857
BR,d12,2025-06-20,9933,0.11706349,-0.008361677857142856
BR,d12,2025-06-20,1303,0.099631,-0.0071164999999999996
BR,d12,2025-07-18,1326,0.1553398,-0.0110957
BR,d12,2025-07-18,2637,0.11631945,-0.008308532142857143
BR,d12,2025-07-18,2312,0.100271,-0.007162214285714286
BR,d12,2025-07-18,9914,0.062801935,-0.0044858525
BR,d12,2025-07-18,1476,0.050632913,-0.003616636642857143
BR,d12,2025-08-15,6770,0.12264151,-0.008760107857142856
BR,d12,2025-08-15,2324,0.10307414,-0.007362438571428571
BR,d12,2025-08-15,2458,0.10084034,-0.007202881428571428
BR,d12,2025-08-15,2353,0.05811966,-0.004151404285714286
BR,d12,2025-08-15,9933,0.051643193,-0.0036887994999999997
BR,d12,2025-09-12,2312,0.1769437,-0.012638835714285715
BR,d12,2025-09-12,2637,0.10787671,-0.007705479285714285
BR,d12,2025-09-12,1476,0.07682927,-0.005487805
BR,d12,2025-09-12,2324,0.044262294,-0.0031615924285714283
BR,d12,2025-09-12,9904,0.035460994,-0.002532928142857143
BR,d12,2025-10-15,1102,0.0260631,-0.0018616499999999999
BR,d12,2025-10-15,1402,0.025878003,-0.0018484287857142856
BR,d12,2025-10-15,9945,0.01842546,-0.0013161042857142858
BR,d12,2025-10-15,2609,0.0075046904,-0.0005360493142857142
BR,d12,2025-10-15,2603,0.0,-0.0
BR,d12,2025-11-13,5522,0.11433757,-0.008166969285714285
BR,d12,2025-11-13,2002,0.041666668,-0.002976190571428571
BR,d12,2025-11-13,1101,0.039534885,-0.0028239203571428567
BR,d12,2025-11-13,2618,0.023188407,-0.0016563147857142856
BR,d12,2025-11-13,1402,0.014414415,-0.0010296010714285714
BR,d12,2025-12-11,2409,0.33480176,-0.02391441142857143
BR,d12,2025-12-11,1101,0.11633109,-0.008309363571428571
BR,d12,2025-12-11,2609,0.09055118,-0.006467941428571428
BR,d12,2025-12-11,2603,0.06557377,-0.004683840714285715
BR,d12,2025-12-11,2610,0.046272494,-0.0033051781428571425
BR,d12,2026-01-12,6446,0.4054054,-0.02895752857142857
BR,d12,2026-01-12,2618,0.067031465,-0.004787961785714286
BR,d12,2026-01-12,2385,0.03448276,-0.0024630542857142857
BR,d12,2026-01-12,2353,0.026565464,-0.0018975331428571429
BR,d12,2026-01-12,2357,0.015444015,-0.0011031439285714285
BR,d12,2026-02-09,2357,0.10646388,-0.007604562857142856
BR,d12,2026-02-09,2376,0.09713025,-0.006937875
BR,d12,2026-02-09,4938,0.089108914,-0.006364922428571428
BR,d12,2026-02-09,2609,0.0625,-0.004464285714285714
BR,d12,2026-02-09,2615,0.060402684,-0.004314477428571428
BR,d12,2026-03-19,3661,0.18074074,-0.012910052857142857
BR,d12,2026-03-19,2376,0.1609658,-0.011497557142857141
BR,d12,2026-03-19,6414,0.1574074,-0.011243385714285714
BR,d12,2026-03-19,2379,0.14911366,-0.010650975714285714
BR,d12,2026-03-19,2912,0.08986175,-0.006418696428571428
BR,d12,2026-04-20,2542,0.28908554,-0.02064896714285714
BR,d12,2026-04-20,2377,0.1673774,-0.011955528571428571
BR,d12,2026-04-20,3034,0.13718411,-0.009798864999999999
BR,d12,2026-04-20,2354,0.08901515,-0.0063582249999999995
BR,d12,2026-04-20,2357,0.06844741,-0.004889100714285714
BR,d12,2026-05-19,2324,0.35144928,-0.025103519999999997
BR,d12,2026-05-19,2610,0.20054945,-0.014324960714285713
BR,d12,2026-05-19,9945,0.15811966,-0.011294261428571428
BR,d12,2026-05-19,1229,0.095300265,-0.006807161785714285
BR,d12,2026-05-19,9921,0.065155804,-0.004653986
BR,d12,2026-06-16,2634,0.29661018,-0.02118644142857143
BR,d12,2026-06-16,9921,0.15159574,-0.010828267142857144
BR,d12,2026-06-16,9914,0.15068494,-0.010763209999999999
BR,d12,2026-06-16,2207,0.053087756,-0.0037919825714285713
BR,d12,2026-06-16,1476,0.030911902,-0.002207993
BR,blend50,2021-01-04,2354,0.31194296,-0.02228164
BR,blend50,2021-01-04,3231,0.021311475,-0.001522248214285714
BR,blend50,2021-01-04,1216,0.0089552235,-0.0006396588214285714
BR,blend50,2021-01-04,2912,-0.0036764706,0.00026260504285714287
BR,blend50,2021-01-04,2412,-0.00456621,0.00032615785714285717
BR,blend50,2021-02-01,3008,0.1530782,-0.010934157142857143
BR,blend50,2021-02-01,9945,0.103184715,-0.007370336785714285
BR,blend50,2021-02-01,2884,0.07676349,-0.005483106428571429
BR,blend50,2021-02-01,2886,0.06794425,-0.0048531607142857135
BR,blend50,2021-02-01,2892,0.066176474,-0.0047268909999999996
BR,blend50,2021-03-11,9921,0.20244329,-0.014460234999999998
BR,blend50,2021-03-11,1229,0.18569781,-0.013264129285714285
BR,blend50,2021-03-11,1101,0.10538641,-0.007527600714285714
BR,blend50,2021-03-11,4904,0.03974563,-0.002838973571428571
BR,blend50,2021-03-11,2880,0.024523161,-0.0017516543571428572
BR,blend50,2021-04-12,2412,0.004464286,-0.00031887757142857136
BR,blend50,2021-04-12,3045,-0.0010152285,7.251632142857142e-05
BR,blend50,2021-04-12,1434,-0.006430868,0.00045934771428571427
BR,blend50,2021-04-12,2542,-0.020689655,0.0014778325
BR,blend50,2021-04-12,4904,-0.021406727,0.0015290519285714285
BR,blend50,2021-05-11,2313,0.13988096,-0.009991497142857143
BR,blend50,2021-05-11,2634,0.101886794,-0.007277628142857142
BR,blend50,2021-05-11,6414,0.0978836,-0.006991685714285714
BR,blend50,2021-05-11,3008,0.049822062,-0.003558718714285714
BR,blend50,2021-05-11,2207,0.04797048,-0.003426462857142857
BR,blend50,2021-06-08,2313,0.122715406,-0.008765386142857143
BR,blend50,2021-06-08,6414,0.106024094,-0.007573149571428571
BR,blend50,2021-06-08,2542,0.06946108,-0.004961505714285714
BR,blend50,2021-06-08,3008,0.06779661,-0.004842614999999999
BR,blend50,2021-06-08,2207,0.059859157,-0.004275654071428572
BR,blend50,2021-07-07,2912,0.10133843,-0.008444869166666666
BR,blend50,2021-07-07,2542,0.090705484,-0.007558790333333333
BR,blend50,2021-07-07,2801,0.040123455,-0.00334362125
BR,blend50,2021-07-07,2412,0.03508772,-0.0029239766666666668
BR,blend50,2021-07-07,2884,0.026717557,-0.002226463083333333
BR,blend50,2021-08-04,2324,0.046403714,-0.0033145509999999998
BR,blend50,2021-08-04,2354,0.015822785,-0.0011301989285714285
BR,blend50,2021-08-04,3231,0.014760148,-0.0010542962857142857
BR,blend50,2021-08-04,2382,0.009162304,-0.0006544502857142857
BR,blend50,2021-08-04,2385,-0.0050125313,0.00035803795
BR,blend50,2021-09-01,2356,0.061601643,-0.004400117357142856
BR,blend50,2021-09-01,4938,0.024806201,-0.0017718715
BR,blend50,2021-09-01,4904,0.00990099,-0.0007072135714285714
BR,blend50,2021-09-01,1326,0.0073260074,-0.0005232862428571428
BR,blend50,2021-09-01,2382,0.0025940337,-0.00018528812142857144
BR,blend50,2021-10-01,2231,0.18115942,-0.012939958571428569
BR,blend50,2021-10-01,2458,0.15517241,-0.011083743571428571
BR,blend50,2021-10-01,2353,0.0985325,-0.007038035714285714
BR,blend50,2021-10-01,3231,0.07550645,-0.0053933178571428575
BR,blend50,2021-10-01,4938,0.048411496,-0.0034579639999999996
BR,blend50,2021-11-01,2344,0.22328244,-0.015948745714285714
BR,blend50,2021-11-01,3034,0.14796548,-0.010568962857142858
BR,blend50,2021-11-01,2408,0.11578947,-0.008270676428571428
BR,blend50,2021-11-01,1513,0.087272726,-0.006233766142857142
BR,blend50,2021-11-01,2382,0.084595956,-0.0060425682857142855
BR,blend50,2021-11-29,3008,0.20854272,-0.01489590857142857
BR,blend50,2021-11-29,1590,0.19883041,-0.014202172142857144
BR,blend50,2021-11-29,2353,0.08844765,-0.006317689285714285
BR,blend50,2021-11-29,2002,0.08755761,-0.006254114999999999
BR,blend50,2021-11-29,2308,0.083984375,-0.005998883928571428
BR,blend50,2021-12-27,1102,0.0,-0.0
BR,blend50,2021-12-27,4938,-0.0014409221,0.00010292300714285712
BR,blend50,2021-12-27,1402,-0.012006861,0.0008576329285714286
BR,blend50,2021-12-27,1216,-0.016011644,0.001143688857142857
BR,blend50,2021-12-27,1434,-0.020547945,0.001467710357142857
BR,blend50,2022-01-25,2027,0.19501133,-0.013929380714285714
BR,blend50,2022-01-25,1210,0.038314175,-0.0027367267857142854
BR,blend50,2022-01-25,1102,0.029411765,-0.002100840357142857
BR,blend50,2022-01-25,1402,0.024305556,-0.0017361111428571426
BR,blend50,2022-01-25,2458,0.021671826,-0.0015479875714285714
BR,blend50,2022-03-04,1513,0.26081872,-0.020062978461538462
BR,blend50,2022-03-04,1802,0.116228074,-0.008940621076923078
BR,blend50,2022-03-04,1101,0.06581741,-0.005062877692307693
BR,blend50,2022-03-04,3711,0.045081966,-0.0034678435384615388
BR,blend50,2022-03-04,9904,0.039087947,-0.003006765153846154
BR,blend50,2022-04-01,2912,0.051039696,-0.0036456925714285714
BR,blend50,2022-04-01,1216,0.031866465,-0.002276176071428571
BR,blend50,2022-04-01,2723,0.012903226,-0.000921659
BR,blend50,2022-04-01,1326,-0.002503129,0.00017879492857142857
BR,blend50,2022-04-01,2317,-0.004761905,0.00034013607142857144
BR,blend50,2022-05-04,2317,0.09090909,-0.006493506428571428
BR,blend50,2022-05-04,2379,0.063855425,-0.004561101785714285
BR,blend50,2022-05-04,2377,0.051587302,-0.0036848072857142856
BR,blend50,2022-05-04,2303,0.03258656,-0.0023276114285714286
BR,blend50,2022-05-04,9921,0.015936255,-0.0011383039285714285
BR,blend50,2022-06-01,3008,0.011976048,-0.0008554319999999999
BR,blend50,2022-06-01,1101,-0.0323741,0.002312435714285714
BR,blend50,2022-06-01,2345,-0.048672568,0.0034766119999999996
BR,blend50,2022-06-01,9904,-0.07717042,0.005512172857142857
BR,blend50,2022-06-01,2881,-0.08477237,0.006055169285714286
BR,blend50,2022-06-30,3008,0.2366864,-0.016906171428571426
BR,blend50,2022-06-30,2344,0.15461347,-0.011043819285714285
BR,blend50,2022-06-30,2377,0.123809524,-0.008843537428571429
BR,blend50,2022-06-30,2330,0.12238148,-0.008741534285714286
BR,blend50,2022-06-30,2376,0.121472396,-0.008676599714285714
BR,blend50,2022-07-28,2409,0.20973782,-0.014981272857142855
BR,blend50,2022-07-28,3661,0.17280453,-0.012343180714285714
BR,blend50,2022-07-28,1476,0.121323526,-0.008665966142857142
BR,blend50,2022-07-28,2915,0.084415585,-0.006029684642857143
BR,blend50,2022-07-28,2881,0.04278075,-0.0030557678571428567
BR,blend50,2022-08-25,3661,0.04589372,-0.0032781228571428568
BR,blend50,2022-08-25,2376,0.025287356,-0.0018062397142857142
BR,blend50,2022-08-25,2409,-0.06501548,0.004643962857142857
BR,blend50,2022-08-25,2357,-0.07736944,0.005526388571428571
BR,blend50,2022-08-25,2883,-0.083636366,0.005974026142857143
BR,blend50,2022-09-23,2408,0.18510406,-0.014238773846153846
BR,blend50,2022-09-23,6770,0.087030716,-0.006694670461538462
BR,blend50,2022-09-23,2303,0.07055631,-0.005427408461538462
BR,blend50,2022-09-23,3034,0.058426965,-0.0044943819230769235
BR,blend50,2022-09-23,3037,0.029661017,-0.0022816166923076927
BR,blend50,2022-10-24,2379,0.2862823,-0.020448735714285713
BR,blend50,2022-10-24,3037,0.28395063,-0.020282187857142853
BR,blend50,2022-10-24,2454,0.26642984,-0.019030702857142853
BR,blend50,2022-10-24,3034,0.25265393,-0.018046709285714287
BR,blend50,2022-10-24,2915,0.21673004,-0.015480717142857143
BR,blend50,2022-11-21,2615,0.10998553,-0.007856109285714286
BR,blend50,2022-11-21,2637,0.0979021,-0.006993007142857143
BR,blend50,2022-11-21,2610,0.07079646,-0.0050568900000000005
BR,blend50,2022-11-21,2609,0.035656404,-0.002546886
BR,blend50,2022-11-21,1101,0.032159265,-0.002297090357142857
BR,blend50,2022-12-19,2379,0.12914485,-0.009224632142857143
BR,blend50,2022-12-19,1101,0.09643917,-0.006888512142857143
BR,blend50,2022-12-19,2344,0.07125307,-0.005089505
BR,blend50,2022-12-19,2610,0.0661157,-0.00472255
BR,blend50,2022-12-19,2886,0.063621536,-0.004544395428571429
BR,blend50,2023-01-17,2379,0.17156105,-0.012254360714285713
BR,blend50,2023-01-17,2609,0.040783033,-0.0029130737857142857
BR,blend50,2023-01-17,2615,0.03968254,-0.002834467142857143
BR,blend50,2023-01-17,2610,0.03875969,-0.0027685492857142855
BR,blend50,2023-01-17,2886,0.03374233,-0.0024101664285714284
BR,blend50,2023-02-24,4904,0.10058309,-0.007737160769230769
BR,blend50,2023-02-24,3037,0.06844106,-0.005264696923076923
BR,blend50,2023-02-24,2603,0.016025642,-0.0012327416923076924
BR,blend50,2023-02-24,2884,0.004032258,-0.00031017369230769236
BR,blend50,2023-02-24,2379,0.0013192613,-0.00010148163846153847
BR,blend50,2023-03-28,2891,0.05529954,-0.003949967142857142
BR,blend50,2023-03-28,2883,0.04761905,-0.0034013607142857143
BR,blend50,2023-03-28,2886,0.039634146,-0.0028310104285714285
BR,blend50,2023-03-28,2881,0.033391915,-0.0023851367857142857
BR,blend50,2023-03-28,2912,0.033210333,-0.0023721666428571427
BR,blend50,2023-04-28,2618,0.24029575,-0.01716398214285714
BR,blend50,2023-04-28,2610,0.14736842,-0.010526315714285714
BR,blend50,2023-04-28,9921,0.13868614,-0.009906152857142858
BR,blend50,2023-04-28,2884,0.04016064,-0.0028686171428571423
BR,blend50,2023-04-28,5880,0.033088237,-0.0023634454999999998
BR,blend50,2023-05-29,2610,0.21559633,-0.015399737857142857
BR,blend50,2023-05-29,2618,0.20566319,-0.014690227857142857
BR,blend50,2023-05-29,2409,0.06534091,-0.004667207857142857
BR,blend50,2023-05-29,2379,0.03968254,-0.002834467142857143
BR,blend50,2023-05-29,9945,0.025677603,-0.0018341145
BR,blend50,2023-06-28,2890,0.06628242,-0.004734458571428571
BR,blend50,2023-06-28,2883,0.011952192,-0.000853728
BR,blend50,2023-06-28,9921,0.0065075923,-0.0004648280214285714
BR,blend50,2023-06-28,2313,0.0055803573,-0.00039859695
BR,blend50,2023-06-28,9945,0.0055632824,-0.0003973773142857143
BR,blend50,2023-07-26,2337,0.011437909,-0.0008169935
BR,blend50,2023-07-26,3045,-0.016859852,0.0012042751428571429
BR,blend50,2023-07-26,2313,-0.034406215,0.002457586785714285
BR,blend50,2023-07-26,1301,-0.048019208,0.0034299434285714283
BR,blend50,2023-07-26,1402,-0.05509182,0.003935129999999999
BR,blend50,2023-08-24,1590,0.14302325,-0.010215946428571427
BR,blend50,2023-08-24,2609,0.089179546,-0.006369967571428571
BR,blend50,2023-08-24,2603,0.08530806,-0.006093432857142857
BR,blend50,2023-08-24,2615,0.078431375,-0.0056022410714285705
BR,blend50,2023-08-24,2337,0.07592892,-0.005423494285714286
BR,blend50,2023-09-21,2351,0.0952381,-0.006802721428571429
BR,blend50,2023-09-21,2303,0.08158765,-0.005827689285714285
BR,blend50,2023-09-21,1590,0.078331634,-0.005595116714285714
BR,blend50,2023-09-21,6770,0.022304833,-0.0015932023571428571
BR,blend50,2023-09-21,9904,0.012110727,-0.0008650519285714286
BR,blend50,2023-10-24,1303,0.08557845,-0.006112746428571428
BR,blend50,2023-10-24,6770,0.061818182,-0.0044155844285714285
BR,blend50,2023-10-24,2603,0.061611373,-0.0044008123571428566
BR,blend50,2023-10-24,2002,0.057377048,-0.004098360571428571
BR,blend50,2023-10-24,1590,0.051886793,-0.0037061995
BR,blend50,2023-11-21,2603,0.32142857,-0.022959183571428572
BR,blend50,2023-11-21,2609,0.2129964,-0.01521402857142857
BR,blend50,2023-11-21,2615,0.19386637,-0.013847597857142856
BR,blend50,2023-11-21,1503,0.16336633,-0.011669023571428572
BR,blend50,2023-11-21,2606,0.15265487,-0.010903919285714285
BR,blend50,2023-12-19,2409,0.10606061,-0.0075757578571428565
BR,blend50,2023-12-19,2603,0.067567565,-0.004826254642857142
BR,blend50,2023-12-19,2609,0.017857144,-0.0012755102857142854
BR,blend50,2023-12-19,2337,-0.034941763,0.002495840214285714
BR,blend50,2023-12-19,2615,-0.036697246,0.002621231857142857
BR,blend50,2024-01-17,3231,0.1975435,-0.01411025
BR,blend50,2024-01-17,2360,0.10747664,-0.007676902857142857
BR,blend50,2024-01-17,2308,0.06498195,-0.004641567857142857
BR,blend50,2024-01-17,9910,0.044444446,-0.0031746032857142854
BR,blend50,2024-01-17,1102,0.024173029,-0.0017266449285714284
BR,blend50,2024-02-23,2308,0.16440678,-0.011743341428571428
BR,blend50,2024-02-23,2354,0.158,-0.011285714285714284
BR,blend50,2024-02-23,2360,0.06540085,-0.004671489285714286
BR,blend50,2024-02-23,2892,0.03345725,-0.0023898035714285714
BR,blend50,2024-02-23,5880,0.015533981,-0.0011095700714285714
BR,blend50,2024-03-25,2634,0.15407854,-0.01100561
BR,blend50,2024-03-25,2542,0.0948718,-0.006776557142857143
BR,blend50,2024-03-25,2610,0.06806283,-0.004861630714285714
BR,blend50,2024-03-25,2354,0.051813472,-0.0037009622857142855
BR,blend50,2024-03-25,2002,0.022916667,-0.0016369047857142857
BR,blend50,2024-04-24,2351,0.2226847,-0.01590605
BR,blend50,2024-04-24,2312,0.13448276,-0.009605911428571428
BR,blend50,2024-04-24,2610,0.09803922,-0.007002801428571428
BR,blend50,2024-04-24,1101,0.0640625,-0.0045758928571428565
BR,blend50,2024-04-24,2201,0.051928785,-0.0037091989285714284
BR,blend50,2024-05-23,2401,0.16773163,-0.011980830714285714
BR,blend50,2024-05-23,1476,0.10358974,-0.007399267142857142
BR,blend50,2024-05-23,9910,0.06472492,-0.004623208571428571
BR,blend50,2024-05-23,2207,0.049586777,-0.0035419126428571424
BR,blend50,2024-05-23,2345,0.048828125,-0.003487723214285714
BR,blend50,2024-06-21,2027,0.06420765,-0.004586260714285715
BR,blend50,2024-06-21,1301,0.011764706,-0.0008403361428571428
BR,blend50,2024-06-21,5880,0.011494253,-0.0008210180714285714
BR,blend50,2024-06-21,2207,0.0062992126,-0.00044994375714285716
BR,blend50,2024-06-21,1303,0.003992016,-0.000285144
BR,blend50,2024-07-19,2337,0.059615385,-0.004258241785714286
BR,blend50,2024-07-19,9910,0.043636363,-0.003116883071428571
BR,blend50,2024-07-19,2412,0.024896266,-0.0017783047142857142
BR,blend50,2024-07-19,2207,0.0031298904,-0.0002235636
BR,blend50,2024-07-19,5880,-0.020833334,0.0014880952857142856
BR,blend50,2024-08-20,2324,0.030534351,-0.0021810250714285715
BR,blend50,2024-08-20,2207,0.029641185,-0.0021172275
BR,blend50,2024-08-20,2201,0.021818181,-0.0015584414999999998
BR,blend50,2024-08-20,2002,-0.029612755,0.0021151967857142855
BR,blend50,2024-08-20,3661,-0.044444446,0.0031746032857142854
BR,blend50,2024-09-18,3443,0.25490198,-0.018207284285714283
BR,blend50,2024-09-18,1590,0.18855657,-0.013468326428571428
BR,blend50,2024-09-18,3231,0.10243902,-0.0073170728571428575
BR,blend50,2024-09-18,2376,0.072407044,-0.005171931714285714
BR,blend50,2024-09-18,2002,0.051643193,-0.0036887994999999997
BR,blend50,2024-10-21,3661,0.1393643,-0.009954592857142857
BR,blend50,2024-10-21,2356,0.06521739,-0.004658385
BR,blend50,2024-10-21,2376,0.018248174,-0.0013034409999999998
BR,blend50,2024-10-21,2002,-0.004464286,0.00031887757142857136
BR,blend50,2024-10-21,1303,-0.010882708,0.0007773362857142857
BR,blend50,2024-11-19,3661,0.4334764,-0.030962599999999996
BR,blend50,2024-11-19,2313,0.15522876,-0.01108776857142857
BR,blend50,2024-11-19,9914,0.071428575,-0.00510204107142857
BR,blend50,2024-11-19,3034,0.022869023,-0.0016335016428571426
BR,blend50,2024-11-19,9921,0.013422819,-0.0009587727857142857
BR,blend50,2024-12-17,2385,0.027027028,-0.001930502
BR,blend50,2024-12-17,3034,0.026422765,-0.0018873403571428571
BR,blend50,2024-12-17,2353,-0.015957447,0.0011398176428571427
BR,blend50,2024-12-17,9921,-0.026490066,0.0018921475714285714
BR,blend50,2024-12-17,2303,-0.049199086,0.0035142204285714285
BR,blend50,2025-01-15,2408,0.41594455,-0.029710325
BR,blend50,2025-01-15,2344,0.34642857,-0.024744897857142855
BR,blend50,2025-01-15,1519,0.31936127,-0.02281151928571428
BR,blend50,2025-01-15,6770,0.29411766,-0.021008404285714283
BR,blend50,2025-01-15,1503,0.14124294,-0.010088781428571428
BR,blend50,2025-02-21,2303,0.029850746,-0.0029850746
BR,blend50,2025-02-21,2409,-0.023255814,0.0023255814
BR,blend50,2025-02-21,1301,-0.03652393,0.0036523930000000003
BR,blend50,2025-02-21,2337,-0.048387095,0.0048387095
BR,blend50,2025-02-21,9921,-0.055900622,0.0055900622
BR,blend50,2025-03-24,2303,-0.032329988,0.0023092848571428567
BR,blend50,2025-03-24,2337,-0.041162226,0.002940159
BR,blend50,2025-03-24,1303,-0.05304212,0.0037887228571428567
BR,blend50,2025-03-24,1301,-0.10980392,0.007843137142857143
BR,blend50,2025-03-24,1326,-0.1125,0.008035714285714285
BR,blend50,2025-04-23,1503,0.40433213,-0.028880866428571426
BR,blend50,2025-04-23,1513,0.23790322,-0.016993087142857143
BR,blend50,2025-04-23,3037,0.22543353,-0.016102395
BR,blend50,2025-04-23,1519,0.22506393,-0.016075995
BR,blend50,2025-04-23,2337,0.078282826,-0.0055916304285714286
BR,blend50,2025-05-22,6446,0.053892214,-0.003849443857142857
BR,blend50,2025-05-22,2449,0.04338843,-0.0030991735714285713
BR,blend50,2025-05-22,3037,0.03773585,-0.002695417857142857
BR,blend50,2025-05-22,2377,0.026119404,-0.001865671714285714
BR,blend50,2025-05-22,2317,0.012987013,-0.0009276437857142856
BR,blend50,2025-06-20,3037,0.21363637,-0.015259740714285713
BR,blend50,2025-06-20,1326,0.15470852,-0.01105060857142857
BR,blend50,2025-06-20,1301,0.11942446,-0.008530318571428571
BR,blend50,2025-06-20,9933,0.11706349,-0.008361677857142856
BR,blend50,2025-06-20,1303,0.099631,-0.0071164999999999996
BR,blend50,2025-07-18,1303,0.5520134,-0.03942952857142857
BR,blend50,2025-07-18,1326,0.1553398,-0.0110957
BR,blend50,2025-07-18,2312,0.100271,-0.007162214285714286
BR,blend50,2025-07-18,9914,0.062801935,-0.0044858525
BR,blend50,2025-07-18,1476,0.050632913,-0.003616636642857143
BR,blend50,2025-08-15,2324,0.10307414,-0.007362438571428571
BR,blend50,2025-08-15,2458,0.10084034,-0.007202881428571428
BR,blend50,2025-08-15,9933,0.051643193,-0.0036887994999999997
BR,blend50,2025-08-15,2351,0.020408163,-0.0014577259285714285
BR,blend50,2025-08-15,9945,0.01836394,-0.0013117099999999998
BR,blend50,2025-09-12,2312,0.1769437,-0.012638835714285715
BR,blend50,2025-09-12,2637,0.10787671,-0.007705479285714285
BR,blend50,2025-09-12,1476,0.07682927,-0.005487805
BR,blend50,2025-09-12,2324,0.044262294,-0.0031615924285714283
BR,blend50,2025-09-12,9904,0.035460994,-0.002532928142857143
BR,blend50,2025-10-15,1102,0.0260631,-0.0018616499999999999
BR,blend50,2025-10-15,1402,0.025878003,-0.0018484287857142856
BR,blend50,2025-10-15,9904,0.023972603,-0.0017123287857142855
BR,blend50,2025-10-15,4938,0.02225313,-0.0015895092857142856
BR,blend50,2025-10-15,9945,0.01842546,-0.0013161042857142858
BR,blend50,2025-11-13,9904,0.045150504,-0.0032250359999999997
BR,blend50,2025-11-13,2002,0.041666668,-0.002976190571428571
BR,blend50,2025-11-13,1101,0.039534885,-0.0028239203571428567
BR,blend50,2025-11-13,2618,0.023188407,-0.0016563147857142856
BR,blend50,2025-11-13,1402,0.014414415,-0.0010296010714285714
BR,blend50,2025-12-11,1101,0.11633109,-0.008309363571428571
BR,blend50,2025-12-11,2609,0.09055118,-0.006467941428571428
BR,blend50,2025-12-11,2603,0.06557377,-0.004683840714285715
BR,blend50,2025-12-11,2610,0.046272494,-0.0033051781428571425
BR,blend50,2025-12-11,2618,0.035410766,-0.0025293404285714285
BR,blend50,2026-01-12,2618,0.067031465,-0.005156266538461539
BR,blend50,2026-01-12,2385,0.03448276,-0.0026525200000000002
BR,blend50,2026-01-12,2353,0.026565464,-0.002043497230769231
BR,blend50,2026-01-12,1101,0.022044089,-0.0016956991538461539
BR,blend50,2026-01-12,4938,0.0071225073,-0.0005478851769230769
BR,blend50,2026-02-09,2357,0.10646388,-0.007604562857142856
BR,blend50,2026-02-09,2376,0.09713025,-0.006937875
BR,blend50,2026-02-09,4938,0.089108914,-0.006364922428571428
BR,blend50,2026-02-09,2609,0.0625,-0.004464285714285714
BR,blend50,2026-02-09,2615,0.060402684,-0.004314477428571428
BR,blend50,2026-03-19,3661,0.18074074,-0.012910052857142857
BR,blend50,2026-03-19,2376,0.1609658,-0.011497557142857141
BR,blend50,2026-03-19,2379,0.14911366,-0.010650975714285714
BR,blend50,2026-03-19,2912,0.08986175,-0.006418696428571428
BR,blend50,2026-03-19,3034,0.07922078,-0.005658627142857143
BR,blend50,2026-04-20,2542,0.28908554,-0.02064896714285714
BR,blend50,2026-04-20,2377,0.1673774,-0.011955528571428571
BR,blend50,2026-04-20,3034,0.13718411,-0.009798864999999999
BR,blend50,2026-04-20,2354,0.08901515,-0.0063582249999999995
BR,blend50,2026-04-20,2357,0.06844741,-0.004889100714285714
BR,blend50,2026-05-19,2324,0.35144928,-0.025103519999999997
BR,blend50,2026-05-19,2610,0.20054945,-0.014324960714285713
BR,blend50,2026-05-19,9945,0.15811966,-0.011294261428571428
BR,blend50,2026-05-19,2337,0.14539006,-0.010385004285714284
BR,blend50,2026-05-19,9921,0.065155804,-0.004653986
BR,blend50,2026-06-16,2634,0.29661018,-0.02118644142857143
BR,blend50,2026-06-16,9921,0.15159574,-0.010828267142857144
BR,blend50,2026-06-16,9914,0.15068494,-0.010763209999999999
BR,blend50,2026-06-16,2207,0.053087756,-0.0037919825714285713
BR,blend50,2026-06-16,2812,0.035264485,-0.0025188917857142854
