window,mode,convention,ret_col,n_rebal,turnover,net0_sharpe,net60_sharpe,net100_sharpe,net150_sharpe,net60_ann_ret,net60_max_dd,net60_hit,avg_rebal_ret_net60,yearly_net60
CH,long_short,A/E: T+1 close -> T+21 close,ret_c1,42,0.301,2.371,2.147,1.997,1.81,0.5323,-0.1063,0.714,0.03445,"{""2023"": {""sharpe"": 2.35, ""mean_pct"": 2.53, ""n"": 12}, ""2024"": {""sharpe"": 1.6, ""mean_pct"": 2.06, ""n"": 13}, ""2025"": {""sharpe"": 1.64, ""mean_pct"": 3.72, ""n"": 12}, ""2026"": {""sharpe"": 9.74, ""mean_pct"": 8.58, ""n"": 5}}"
CH,long_short,B: T+1 open -> T+21 open,ret_o1,42,0.301,2.387,2.158,2.005,1.813,0.5187,-0.1059,0.714,0.03372,"{""2023"": {""sharpe"": 2.4, ""mean_pct"": 2.63, ""n"": 12}, ""2024"": {""sharpe"": 1.79, ""mean_pct"": 2.12, ""n"": 13}, ""2025"": {""sharpe"": 1.66, ""mean_pct"": 3.8, ""n"": 12}, ""2026"": {""sharpe"": 7.86, ""mean_pct"": 7.36, ""n"": 5}}"
CH,long_short,D: T+2 open -> T+22 open,ret_o2,42,0.301,2.254,2.048,1.91,1.737,0.5601,-0.109,0.69,0.03593,"{""2023"": {""sharpe"": 2.01, ""mean_pct"": 2.45, ""n"": 12}, ""2024"": {""sharpe"": 1.49, ""mean_pct"": 2.2, ""n"": 13}, ""2025"": {""sharpe"": 1.76, ""mean_pct"": 4.14, ""n"": 12}, ""2026"": {""sharpe"": 5.72, ""mean_pct"": 8.64, ""n"": 5}}"
CH,long_short,F (diagnostic): T close -> T+20 close,ret_c0,42,0.301,2.333,2.115,1.97,1.787,0.5373,-0.109,0.714,0.03472,"{""2023"": {""sharpe"": 2.28, ""mean_pct"": 2.61, ""n"": 12}, ""2024"": {""sharpe"": 1.68, ""mean_pct"": 2.08, ""n"": 13}, ""2025"": {""sharpe"": 1.65, ""mean_pct"": 3.84, ""n"": 12}, ""2026"": {""sharpe"": 6.6, ""mean_pct"": 8.27, ""n"": 5}}"
CH,long_short,decay: T+2 close -> T+22 close,ret_c2,42,0.301,2.11,1.921,1.794,1.636,0.5707,-0.114,0.69,0.03648,"{""2023"": {""sharpe"": 2.24, ""mean_pct"": 2.69, ""n"": 12}, ""2024"": {""sharpe"": 1.39, ""mean_pct"": 2.24, ""n"": 13}, ""2025"": {""sharpe"": 1.66, ""mean_pct"": 4.29, ""n"": 12}, ""2026"": {""sharpe"": 3.91, ""mean_pct"": 8.07, ""n"": 5}}"
CH,long_only,A/E: T+1 close -> T+21 close,ret_c1,42,0.254,2.058,1.989,1.943,1.885,0.7105,-0.2379,0.762,0.04352,"{""2023"": {""sharpe"": 2.55, ""mean_pct"": 4.12, ""n"": 12}, ""2024"": {""sharpe"": 1.01, ""mean_pct"": 1.55, ""n"": 13}, ""2025"": {""sharpe"": 1.64, ""mean_pct"": 4.75, ""n"": 12}, ""2026"": {""sharpe"": 5.12, ""mean_pct"": 11.23, ""n"": 5}}"
CH,long_only,B: T+1 open -> T+21 open,ret_o1,42,0.254,1.985,1.918,1.873,1.816,0.6918,-0.2344,0.786,0.04261,"{""2023"": {""sharpe"": 2.55, ""mean_pct"": 4.17, ""n"": 12}, ""2024"": {""sharpe"": 0.95, ""mean_pct"": 1.66, ""n"": 13}, ""2025"": {""sharpe"": 1.64, ""mean_pct"": 4.9, ""n"": 12}, ""2026"": {""sharpe"": 4.52, ""mean_pct"": 9.7, ""n"": 5}}"
CH,long_only,D: T+2 open -> T+22 open,ret_o2,42,0.254,1.932,1.87,1.829,1.777,0.747,-0.2702,0.738,0.04527,"{""2023"": {""sharpe"": 2.38, ""mean_pct"": 4.1, ""n"": 12}, ""2024"": {""sharpe"": 0.99, ""mean_pct"": 1.69, ""n"": 13}, ""2025"": {""sharpe"": 1.6, ""mean_pct"": 5.27, ""n"": 12}, ""2026"": {""sharpe"": 4.3, ""mean_pct"": 11.14, ""n"": 5}}"
CH,long_only,F (diagnostic): T close -> T+20 close,ret_c0,42,0.254,1.776,1.719,1.68,1.632,0.7241,-0.3169,0.738,0.04418,"{""2023"": {""sharpe"": 2.51, ""mean_pct"": 4.12, ""n"": 12}, ""2024"": {""sharpe"": 0.88, ""mean_pct"": 1.66, ""n"": 13}, ""2025"": {""sharpe"": 1.37, ""mean_pct"": 5.16, ""n"": 12}, ""2026"": {""sharpe"": 4.66, ""mean_pct"": 10.54, ""n"": 5}}"
CH,long_only,decay: T+2 close -> T+22 close,ret_c2,42,0.254,1.984,1.921,1.878,1.826,0.7584,-0.2221,0.738,0.04581,"{""2023"": {""sharpe"": 2.36, ""mean_pct"": 4.34, ""n"": 12}, ""2024"": {""sharpe"": 1.02, ""mean_pct"": 1.8, ""n"": 13}, ""2025"": {""sharpe"": 1.72, ""mean_pct"": 5.31, ""n"": 12}, ""2026"": {""sharpe"": 3.82, ""mean_pct"": 10.64, ""n"": 5}}"
BR,long_short,A/E: T+1 close -> T+21 close,ret_c1,67,0.298,1.653,1.443,1.302,1.125,0.3486,-0.1803,0.672,0.02402,"{""2021"": {""sharpe"": 1.31, ""mean_pct"": 2.65, ""n"": 13}, ""2022"": {""sharpe"": -0.15, ""mean_pct"": -0.21, ""n"": 12}, ""2023"": {""sharpe"": 1.95, ""mean_pct"": 3.42, ""n"": 12}, ""2024"": {""sharpe"": 1.5, ""mean_pct"": 1.82, ""n"": 12}, ""2025"": {""sharpe"": 1.36, ""mean_pct"": 2.17, ""n"": 12}, ""2026"": {""sharpe"": 3.5, ""mean_pct"": 6.67, ""n"": 6}}"
BR,long_short,B: T+1 open -> T+21 open,ret_o1,67,0.298,1.669,1.463,1.324,1.15,0.3604,-0.1611,0.612,0.02473,"{""2021"": {""sharpe"": 1.41, ""mean_pct"": 2.81, ""n"": 13}, ""2022"": {""sharpe"": -0.17, ""mean_pct"": -0.22, ""n"": 12}, ""2023"": {""sharpe"": 1.58, ""mean_pct"": 3.37, ""n"": 12}, ""2024"": {""sharpe"": 1.43, ""mean_pct"": 1.9, ""n"": 12}, ""2025"": {""sharpe"": 1.39, ""mean_pct"": 2.05, ""n"": 12}, ""2026"": {""sharpe"": 5.59, ""mean_pct"": 7.33, ""n"": 6}}"
BR,long_short,D: T+2 open -> T+22 open,ret_o2,67,0.298,1.551,1.348,1.212,1.041,0.3363,-0.1731,0.672,0.02327,"{""2021"": {""sharpe"": 1.22, ""mean_pct"": 2.68, ""n"": 13}, ""2022"": {""sharpe"": -0.28, ""mean_pct"": -0.37, ""n"": 12}, ""2023"": {""sharpe"": 1.96, ""mean_pct"": 3.38, ""n"": 12}, ""2024"": {""sharpe"": 1.57, ""mean_pct"": 1.72, ""n"": 12}, ""2025"": {""sharpe"": 1.31, ""mean_pct"": 2.2, ""n"": 12}, ""2026"": {""sharpe"": 2.77, ""mean_pct"": 6.32, ""n"": 6}}"
BR,long_short,F (diagnostic): T close -> T+20 close,ret_c0,67,0.298,1.639,1.438,1.303,1.134,0.3639,-0.1652,0.597,0.02494,"{""2021"": {""sharpe"": 1.36, ""mean_pct"": 2.86, ""n"": 13}, ""2022"": {""sharpe"": -0.34, ""mean_pct"": -0.45, ""n"": 12}, ""2023"": {""sharpe"": 1.47, ""mean_pct"": 3.16, ""n"": 12}, ""2024"": {""sharpe"": 1.42, ""mean_pct"": 1.89, ""n"": 12}, ""2025"": {""sharpe"": 1.41, ""mean_pct"": 2.24, ""n"": 12}, ""2026"": {""sharpe"": 8.16, ""mean_pct"": 7.98, ""n"": 6}}"
BR,long_short,decay: T+2 close -> T+22 close,ret_c2,67,0.298,1.664,1.447,1.301,1.119,0.3388,-0.162,0.657,0.02343,"{""2021"": {""sharpe"": 1.47, ""mean_pct"": 2.67, ""n"": 13}, ""2022"": {""sharpe"": -0.14, ""mean_pct"": -0.18, ""n"": 12}, ""2023"": {""sharpe"": 2.13, ""mean_pct"": 3.21, ""n"": 12}, ""2024"": {""sharpe"": 1.57, ""mean_pct"": 1.69, ""n"": 12}, ""2025"": {""sharpe"": 1.51, ""mean_pct"": 2.38, ""n"": 12}, ""2026"": {""sharpe"": 2.37, ""mean_pct"": 6.19, ""n"": 6}}"
BR,long_only,A/E: T+1 close -> T+21 close,ret_c1,67,0.256,1.53,1.455,1.405,1.343,0.4455,-0.2604,0.627,0.02968,"{""2021"": {""sharpe"": 1.45, ""mean_pct"": 3.79, ""n"": 13}, ""2022"": {""sharpe"": 0.05, ""mean_pct"": 0.11, ""n"": 12}, ""2023"": {""sharpe"": 2.66, ""mean_pct"": 3.87, ""n"": 12}, ""2024"": {""sharpe"": 0.75, ""mean_pct"": 1.26, ""n"": 12}, ""2025"": {""sharpe"": 1.49, ""mean_pct"": 3.03, ""n"": 12}, ""2026"": {""sharpe"": 3.86, ""mean_pct"": 8.4, ""n"": 6}}"
BR,long_only,B: T+1 open -> T+21 open,ret_o1,67,0.256,1.581,1.505,1.454,1.39,0.4525,-0.267,0.657,0.03007,"{""2021"": {""sharpe"": 1.5, ""mean_pct"": 3.87, ""n"": 13}, ""2022"": {""sharpe"": -0.06, ""mean_pct"": -0.11, ""n"": 12}, ""2023"": {""sharpe"": 2.39, ""mean_pct"": 3.96, ""n"": 12}, ""2024"": {""sharpe"": 0.68, ""mean_pct"": 1.28, ""n"": 12}, ""2025"": {""sharpe"": 1.57, ""mean_pct"": 3.13, ""n"": 12}, ""2026"": {""sharpe"": 7.91, ""mean_pct"": 8.68, ""n"": 6}}"
BR,long_only,D: T+2 open -> T+22 open,ret_o2,67,0.256,1.464,1.392,1.345,1.285,0.4442,-0.2538,0.627,0.0296,"{""2021"": {""sharpe"": 1.31, ""mean_pct"": 3.84, ""n"": 13}, ""2022"": {""sharpe"": -0.0, ""mean_pct"": -0.0, ""n"": 12}, ""2023"": {""sharpe"": 2.59, ""mean_pct"": 4.01, ""n"": 12}, ""2024"": {""sharpe"": 0.74, ""mean_pct"": 1.13, ""n"": 12}, ""2025"": {""sharpe"": 1.57, ""mean_pct"": 3.09, ""n"": 12}, ""2026"": {""sharpe"": 3.26, ""mean_pct"": 8.31, ""n"": 6}}"
BR,long_only,F (diagnostic): T close -> T+20 close,ret_c0,67,0.256,1.548,1.474,1.425,1.364,0.4624,-0.2773,0.657,0.03063,"{""2021"": {""sharpe"": 1.48, ""mean_pct"": 3.9, ""n"": 13}, ""2022"": {""sharpe"": -0.25, ""mean_pct"": -0.48, ""n"": 12}, ""2023"": {""sharpe"": 2.32, ""mean_pct"": 3.99, ""n"": 12}, ""2024"": {""sharpe"": 0.65, ""mean_pct"": 1.21, ""n"": 12}, ""2025"": {""sharpe"": 1.58, ""mean_pct"": 3.32, ""n"": 12}, ""2026"": {""sharpe"": 9.98, ""mean_pct"": 9.69, ""n"": 6}}"
BR,long_only,decay: T+2 close -> T+22 close,ret_c2,67,0.256,1.527,1.452,1.402,1.339,0.4453,-0.2549,0.657,0.02966,"{""2021"": {""sharpe"": 1.64, ""mean_pct"": 3.98, ""n"": 13}, ""2022"": {""sharpe"": 0.02, ""mean_pct"": 0.05, ""n"": 12}, ""2023"": {""sharpe"": 2.71, ""mean_pct"": 4.0, ""n"": 12}, ""2024"": {""sharpe"": 0.78, ""mean_pct"": 1.15, ""n"": 12}, ""2025"": {""sharpe"": 1.56, ""mean_pct"": 3.11, ""n"": 12}, ""2026"": {""sharpe"": 2.6, ""mean_pct"": 7.86, ""n"": 6}}"
