run_at,symbol,month,state,expected_missing,rows_returned,rows_accepted,rows_added,rows_rejected,remaining,attempts,suspension_status,no_data_sessions,registry_confirmed_no_trade
2026-09-21 21:32:24,2002,2026-03,FETCH_OK,22,22,22,22,0,0,1,,,
2026-09-21 21:32:24,2207,2025-12,MARKET_OPEN_SYMBOL_NO_DATA,1,21,0,0,0,1,1,SUSPENSION_STATUS_UNKNOWN,2025-12-18,
2026-09-21 21:32:24,2312,2026-02,FETCH_OK,12,12,12,12,0,0,1,,,
2026-09-21 21:32:24,2376,2026-01,FETCH_OK,21,21,21,21,0,0,1,,,
2026-09-21 21:32:24,2610,2026-02,FETCH_OK,12,12,12,12,0,0,1,,,
2026-09-21 21:32:24,2883,2026-06,FETCH_OK,21,21,21,21,0,0,1,,,
2026-09-21 21:32:24,3443,2026-04,FETCH_OK,20,20,20,20,0,0,1,,,
2026-09-21 21:32:24,5880,2025-11,FETCH_OK,20,20,20,20,0,0,1,,,
2026-09-21 21:32:24,5880,2026-06,FETCH_OK,21,21,21,21,0,0,1,,,
2026-09-21 22:31:37,2207,2025-12,CONFIRMED_NO_TRADE,1,,,,,1,1,,2025-12-18,2025-12-18
2026-09-21 22:35:06,1101,2025-08,MARKET_OPEN_SYMBOL_NO_DATA,1,20,0,0,0,1,1,SUSPENSION_STATUS_UNKNOWN,2025-08-13,
2026-09-21 22:35:06,2317,2025-07,MARKET_OPEN_SYMBOL_NO_DATA,1,22,0,0,0,1,1,SUSPENSION_STATUS_UNKNOWN,2025-07-30,
2026-09-21 22:35:06,2317,2025-09,FETCH_OK,21,21,21,21,0,0,1,,,
2026-09-21 22:35:06,2337,2025-05,FETCH_OK,20,20,20,20,0,0,1,,,
2026-09-21 22:35:06,2344,2025-08,FETCH_OK,21,21,21,21,0,0,1,,,
2026-09-21 22:35:06,2351,2024-11,FETCH_OK,21,21,21,21,0,0,1,,,
2026-09-21 22:35:06,2382,2025-03,FETCH_OK,21,21,21,21,0,0,1,,,
2026-09-21 22:35:06,2385,2025-10,FETCH_OK,20,20,20,20,0,0,1,,,
2026-09-21 22:35:06,2408,2025-10,FETCH_OK,20,20,20,20,0,0,1,,,
2026-09-21 22:35:06,2409,2025-01,FETCH_OK,15,15,15,15,0,0,1,,,
2026-09-21 22:35:06,2409,2025-04,FETCH_OK,20,20,20,20,0,0,1,,,
2026-09-21 22:35:06,2610,2024-09,FETCH_OK,20,20,20,20,0,0,1,,,
2026-09-21 22:35:06,2610,2025-08,FETCH_OK,21,21,21,21,0,0,1,,,
2026-09-21 22:35:06,2884,2025-11,MARKET_OPEN_SYMBOL_NO_DATA,1,19,0,0,0,1,1,SUSPENSION_STATUS_UNKNOWN,2025-11-05,
2026-09-21 22:35:06,2886,2025-01,FETCH_OK,15,15,15,15,0,0,1,,,
2026-09-21 22:35:06,2887,2024-08,MARKET_OPEN_SYMBOL_NO_DATA,1,21,0,0,0,1,1,SUSPENSION_STATUS_UNKNOWN,2024-08-22,
2026-09-21 22:35:06,3034,2025-04,FETCH_OK,20,20,20,20,0,0,1,,,
2026-09-21 22:35:06,3037,2024-09,FETCH_OK,20,20,20,20,0,0,1,,,
2026-09-21 22:35:06,3037,2025-08,FETCH_OK,21,21,21,21,0,0,1,,,
2026-09-21 22:35:06,3711,2024-12,FETCH_OK,22,22,22,22,0,0,1,,,
2026-09-21 22:35:06,9910,2025-09,FETCH_OK,21,21,21,21,0,0,1,,,
2026-09-21 22:35:06,9933,2025-05,MARKET_OPEN_SYMBOL_NO_DATA,1,19,0,0,0,1,1,SUSPENSION_STATUS_UNKNOWN,2025-05-13,
2026-09-21 22:47:33,1101,2017-04,MARKET_OPEN_SYMBOL_NO_DATA,2,16,0,0,0,2,1,SUSPENSION_STATUS_UNKNOWN,2017-04-19;2017-04-20,
2026-09-21 22:47:33,1101,2018-07,FETCH_OK,22,22,22,22,0,0,1,,,
2026-09-21 22:47:33,1101,2024-02,FETCH_OK,13,13,13,13,0,0,1,,,
2026-09-21 22:47:33,1101,2024-06,FETCH_OK,19,19,19,19,0,0,1,,,
2026-09-21 22:47:33,1102,2024-06,MARKET_OPEN_SYMBOL_NO_DATA,1,18,0,0,0,1,1,SUSPENSION_STATUS_UNKNOWN,2024-06-05,
2026-09-21 22:47:33,1216,2017-07,MARKET_OPEN_SYMBOL_NO_DATA,1,20,0,0,0,1,1,SUSPENSION_STATUS_UNKNOWN,2017-07-27,
2026-09-21 22:47:33,1229,2019-03,MARKET_OPEN_SYMBOL_NO_DATA,1,19,0,0,0,1,1,SUSPENSION_STATUS_UNKNOWN,2019-03-28,
2026-09-21 22:47:33,1229,2020-02,FETCH_OK,19,19,19,19,0,0,1,,,
2026-09-21 22:47:33,1229,2023-08,FETCH_OK,22,22,22,22,0,0,1,,,
2026-09-21 22:47:33,2002,2019-06,FETCH_OK,19,19,19,19,0,0,1,,,
2026-09-21 22:47:33,2002,2019-07,FETCH_OK,23,23,23,23,0,0,1,,,
2026-09-21 22:47:33,2027,2018-10,MARKET_OPEN_SYMBOL_NO_DATA,1,21,0,0,0,1,1,SUSPENSION_STATUS_UNKNOWN,2018-10-02,
2026-09-21 22:47:33,2201,2019-11,FETCH_OK,21,21,21,21,0,0,1,,,
2026-09-21 22:47:33,2201,2020-03,MARKET_OPEN_SYMBOL_NO_DATA,1,21,0,0,0,1,1,SUSPENSION_STATUS_UNKNOWN,2020-03-30,
2026-09-21 22:47:33,2201,2020-10,MARKET_OPEN_SYMBOL_NO_DATA,7,12,0,0,0,7,1,SUSPENSION_STATUS_UNKNOWN,2020-10-07;2020-10-08;2020-10-12;2020-10-13;2020-10-14;2020-10-15;2020-10-16,
2026-09-21 22:47:33,2201,2022-04,FETCH_OK,19,19,19,19,0,0,1,,,
2026-09-21 22:47:33,2207,2018-04,FETCH_OK,18,18,18,18,0,0,1,,,
2026-09-21 22:47:33,2207,2022-03,FETCH_OK,23,23,23,23,0,0,1,,,
2026-09-21 22:47:33,2207,2023-04,FETCH_OK,17,17,17,17,0,0,1,,,
2026-09-21 22:47:33,2231,2019-01,MARKET_OPEN_SYMBOL_NO_DATA,1,20,0,0,0,1,1,SUSPENSION_STATUS_UNKNOWN,2019-01-21,
2026-09-21 22:47:33,2303,2018-06,MARKET_OPEN_SYMBOL_NO_DATA,1,19,0,0,0,1,1,SUSPENSION_STATUS_UNKNOWN,2018-06-29,
2026-09-21 22:47:33,2303,2022-04,FETCH_OK,19,19,19,19,0,0,1,,,
2026-09-21 22:47:33,2303,2022-08,FETCH_OK,23,23,23,23,0,0,1,,,
2026-09-21 22:47:33,2308,2019-08,FETCH_OK,21,21,21,21,0,0,1,,,
2026-09-21 22:47:33,2312,2018-06,FETCH_OK,20,20,20,20,0,0,1,,,
2026-09-21 22:47:33,2313,2019-03,FETCH_OK,20,20,20,20,0,0,1,,,
2026-09-21 22:47:33,2313,2021-10,FETCH_OK,20,20,20,20,0,0,1,,,
2026-09-21 22:47:33,2313,2023-02,FETCH_OK,18,18,18,18,0,0,1,,,
2026-09-21 22:47:33,2313,2023-09,FETCH_OK,20,20,20,20,0,0,1,,,
2026-09-21 22:47:33,2317,2016-03,MARKET_OPEN_SYMBOL_NO_DATA,1,22,0,0,0,1,1,SUSPENSION_STATUS_UNKNOWN,2016-03-30,
2026-09-21 22:47:33,2317,2018-10,MARKET_OPEN_SYMBOL_NO_DATA,6,16,0,0,0,6,1,SUSPENSION_STATUS_UNKNOWN,2018-10-18;2018-10-19;2018-10-22;2018-10-23;2018-10-24;2018-10-25,
2026-09-21 22:47:33,2317,2019-06,FETCH_OK,19,19,19,19,0,0,1,,,
2026-09-21 22:47:33,2324,2018-08,MARKET_OPEN_SYMBOL_NO_DATA,1,22,0,0,0,1,1,SUSPENSION_STATUS_UNKNOWN,2018-08-07,
2026-09-21 22:47:33,2337,2017-08,MARKET_OPEN_SYMBOL_NO_DATA,9,14,0,0,0,9,1,SUSPENSION_STATUS_UNKNOWN,2017-08-15;2017-08-16;2017-08-17;2017-08-18;2017-08-21;2017-08-22;2017-08-23;2017-08-24;2017-08-25,
2026-09-21 22:47:33,2344,2024-04,FETCH_OK,20,20,20,20,0,0,1,,,
2026-09-21 22:47:33,2344,2024-07,FETCH_OK,21,21,21,21,0,0,1,,,
2026-09-21 22:47:33,2345,2020-05,FETCH_OK,20,20,20,20,0,0,1,,,
2026-09-21 22:47:33,2351,2021-07,FETCH_OK,22,22,22,22,0,0,1,,,
2026-09-21 22:47:33,2353,2018-02,FETCH_OK,13,13,13,13,0,0,1,,,
2026-09-21 22:47:33,2354,2016-03,MARKET_OPEN_SYMBOL_NO_DATA,1,22,0,0,0,1,1,SUSPENSION_STATUS_UNKNOWN,2016-03-30,
2026-09-21 22:47:33,2356,2019-03,FETCH_OK,20,20,20,20,0,0,1,,,
2026-09-21 22:47:33,2356,2020-04,FETCH_OK,20,20,20,20,0,0,1,,,
2026-09-21 22:47:33,2356,2024-05,FETCH_OK,22,22,22,22,0,0,1,,,
2026-09-21 22:47:33,2360,2018-11,FETCH_OK,22,22,22,22,0,0,1,,,
2026-09-21 22:47:33,2360,2022-10,FETCH_OK,20,20,20,20,0,0,1,,,
2026-09-21 22:47:33,2368,2022-09,MARKET_OPEN_SYMBOL_NO_DATA,7,14,0,0,0,7,1,SUSPENSION_STATUS_UNKNOWN,2022-09-07;2022-09-08;2022-09-12;2022-09-13;2022-09-14;2022-09-15;2022-09-16,
2026-09-21 22:47:33,2379,2019-08,FETCH_OK,21,21,21,21,0,0,1,,,
2026-09-21 22:47:33,2379,2021-09,FETCH_OK,20,20,20,20,0,0,1,,,
2026-09-21 22:47:33,2379,2022-09,FETCH_OK,21,21,21,21,0,0,1,,,
2026-09-21 22:47:33,2382,2017-03,FETCH_OK,23,23,23,23,0,0,1,,,
2026-09-21 22:47:33,2382,2017-04,FETCH_OK,18,18,18,18,0,0,1,,,
2026-09-21 22:47:33,2382,2017-05,FETCH_OK,20,20,20,20,0,0,1,,,
2026-09-21 22:47:33,2382,2017-06,FETCH_OK,23,23,23,23,0,0,1,,,
2026-09-21 22:47:33,2382,2017-07,FETCH_OK,21,21,21,21,0,0,1,,,
2026-09-21 22:47:33,2382,2017-08,FETCH_OK,23,23,23,23,0,0,1,,,
2026-09-21 22:47:33,2382,2017-09,FETCH_OK,22,22,22,22,0,0,1,,,
2026-09-21 22:47:33,2382,2017-10,FETCH_OK,19,19,19,19,0,0,1,,,
2026-09-21 22:47:33,2382,2017-11,FETCH_OK,22,22,22,22,0,0,1,,,
2026-09-21 22:47:33,2382,2017-12,FETCH_OK,21,21,21,21,0,0,1,,,
2026-09-21 22:47:33,2382,2023-01,FETCH_OK,13,13,13,13,0,0,1,,,
2026-09-21 22:47:33,2409,2022-09,MARKET_OPEN_SYMBOL_NO_DATA,2,19,0,0,0,2,1,SUSPENSION_STATUS_UNKNOWN,2022-09-29;2022-09-30,
2026-09-21 22:47:33,2409,2022-10,MARKET_OPEN_SYMBOL_NO_DATA,5,15,0,0,0,5,1,SUSPENSION_STATUS_UNKNOWN,2022-10-03;2022-10-04;2022-10-05;2022-10-06;2022-10-07,
2026-09-21 22:47:33,2412,2019-08,FETCH_OK,21,21,21,21,0,0,1,,,
2026-09-21 22:47:33,2412,2020-10,FETCH_OK,19,19,19,19,0,0,1,,,
2026-09-21 22:47:33,2449,2024-04,MARKET_OPEN_SYMBOL_NO_DATA,1,19,0,0,0,1,1,SUSPENSION_STATUS_UNKNOWN,2024-04-26,
2026-09-21 22:47:33,2454,2016-05,MARKET_OPEN_SYMBOL_NO_DATA,1,20,0,0,0,1,1,SUSPENSION_STATUS_UNKNOWN,2016-05-13,
2026-09-21 22:47:33,2454,2022-02,FETCH_OK,15,15,15,15,0,0,1,,,
2026-09-21 22:47:33,2458,2018-10,MARKET_OPEN_SYMBOL_NO_DATA,7,15,0,0,0,7,1,SUSPENSION_STATUS_UNKNOWN,2018-10-11;2018-10-12;2018-10-15;2018-10-16;2018-10-17;2018-10-18;2018-10-19,
2026-09-21 22:47:33,2548,2021-12,FETCH_OK,22,22,22,22,0,0,1,,,
2026-09-21 22:47:33,2603,2022-09,MARKET_OPEN_SYMBOL_NO_DATA,7,14,0,0,0,7,1,SUSPENSION_STATUS_UNKNOWN,2022-09-07;2022-09-08;2022-09-12;2022-09-13;2022-09-14;2022-09-15;2022-09-16,
2026-09-21 22:47:33,2609,2017-04,MARKET_OPEN_SYMBOL_NO_DATA,7,11,0,0,0,7,1,SUSPENSION_STATUS_UNKNOWN,2017-04-20;2017-04-21;2017-04-24;2017-04-25;2017-04-26;2017-04-27;2017-04-28,
2026-09-21 22:47:33,2609,2017-05,MARKET_OPEN_SYMBOL_NO_DATA,2,18,0,0,0,2,1,SUSPENSION_STATUS_UNKNOWN,2017-05-02;2017-05-03,
2026-09-21 22:47:33,2609,2018-09,FETCH_OK,19,19,19,19,0,0,1,,,
2026-09-21 22:47:33,2609,2021-10,FETCH_OK,20,20,20,20,0,0,1,,,
2026-09-21 22:47:33,2615,2021-08,FETCH_OK,22,22,22,22,0,0,1,,,
2026-09-21 22:47:33,2880,2019-12,FETCH_OK,22,22,22,22,0,0,1,,,
2026-09-21 22:47:33,2880,2020-08,FETCH_OK,21,21,21,21,0,0,1,,,
2026-09-21 22:47:33,2881,2024-03,FETCH_OK,21,21,21,21,0,0,1,,,
2026-09-21 22:47:33,2882,2024-07,FETCH_OK,21,21,21,21,0,0,1,,,
2026-09-21 22:47:33,2884,2018-09,FETCH_OK,19,19,19,19,0,0,1,,,
2026-09-21 22:47:33,2884,2019-06,FETCH_OK,19,19,19,19,0,0,1,,,
2026-09-21 22:47:33,2903,2020-07,FETCH_OK,23,23,23,23,0,0,1,,,
2026-09-21 22:47:33,2912,2017-07,MARKET_OPEN_SYMBOL_NO_DATA,1,20,0,0,0,1,1,SUSPENSION_STATUS_UNKNOWN,2017-07-27,
2026-09-21 22:47:33,2912,2023-05,FETCH_OK,22,22,22,22,0,0,1,,,
2026-09-21 22:47:33,2915,2018-10,MARKET_OPEN_SYMBOL_NO_DATA,7,15,0,0,0,7,1,SUSPENSION_STATUS_UNKNOWN,2018-10-18;2018-10-19;2018-10-22;2018-10-23;2018-10-24;2018-10-25;2018-10-26,
2026-09-21 22:47:33,3008,2020-04,FETCH_OK,20,20,20,20,0,0,1,,,
2026-09-21 22:47:33,3034,2019-05,FETCH_OK,22,22,22,22,0,0,1,,,
2026-09-21 22:47:33,3037,2017-02,FETCH_OK,18,18,18,18,0,0,1,,,
2026-09-21 22:47:33,3037,2017-03,FETCH_OK,23,23,23,23,0,0,1,,,
2026-09-21 22:47:33,3037,2017-04,FETCH_OK,18,18,18,18,0,0,1,,,
2026-09-21 22:47:33,3037,2017-05,FETCH_OK,20,20,20,20,0,0,1,,,
2026-09-21 22:47:33,3037,2017-06,FETCH_OK,23,23,23,23,0,0,1,,,
2026-09-21 22:47:33,3037,2017-07,FETCH_OK,21,21,21,21,0,0,1,,,
2026-09-21 22:47:33,3037,2017-08,FETCH_OK,23,23,23,23,0,0,1,,,
2026-09-21 22:47:33,3037,2017-09,FETCH_OK,22,22,22,22,0,0,1,,,
2026-09-21 22:47:33,3037,2017-10,FETCH_OK,19,19,19,19,0,0,1,,,
2026-09-21 22:47:33,3037,2017-11,FETCH_OK,22,22,22,22,0,0,1,,,
2026-09-21 22:47:33,3037,2017-12,FETCH_OK,21,21,21,21,0,0,1,,,
2026-09-21 22:47:33,3037,2020-05,FETCH_OK,20,20,20,20,0,0,1,,,
2026-09-21 22:47:33,3037,2022-02,MARKET_OPEN_SYMBOL_NO_DATA,1,14,0,0,0,1,1,SUSPENSION_STATUS_UNKNOWN,2022-02-22,
2026-09-21 22:47:33,3045,2017-08,FETCH_OK,23,23,23,23,0,0,1,,,
2026-09-21 22:47:33,3045,2017-09,FETCH_OK,22,22,22,22,0,0,1,,,
2026-09-21 22:47:33,3045,2017-11,FETCH_OK,22,22,22,22,0,0,1,,,
2026-09-21 22:47:33,3045,2017-12,FETCH_OK,21,21,21,21,0,0,1,,,
2026-09-21 22:47:33,3045,2019-07,FETCH_OK,23,23,23,23,0,0,1,,,
2026-09-21 22:47:33,3045,2020-05,FETCH_OK,20,20,20,20,0,0,1,,,
2026-09-21 22:47:33,3045,2021-07,FETCH_OK,22,22,22,22,0,0,1,,,
2026-09-21 22:47:33,3443,2023-11,FETCH_OK,22,22,22,22,0,0,1,,,
2026-09-21 22:47:33,3443,2024-02,FETCH_OK,13,13,13,13,0,0,1,,,
2026-09-21 22:47:33,3661,2020-11,FETCH_OK,21,21,21,21,0,0,1,,,
2026-09-21 22:47:33,3711,2018-07,FETCH_OK,22,22,22,22,0,0,1,,,
2026-09-21 22:47:33,3711,2020-11,FETCH_OK,21,21,21,21,0,0,1,,,
2026-09-21 22:47:33,3711,2023-03,FETCH_OK,23,23,23,23,0,0,1,,,
2026-09-21 22:47:33,4904,2022-05,FETCH_OK,21,21,21,21,0,0,1,,,
2026-09-21 22:47:33,4938,2020-08,MARKET_OPEN_SYMBOL_NO_DATA,1,20,0,0,0,1,1,SUSPENSION_STATUS_UNKNOWN,2020-08-13,
2026-09-21 22:47:33,5880,2022-10,FETCH_OK,20,20,20,20,0,0,1,,,
2026-09-21 22:47:33,5903,2016-04,MARKET_OPEN_SYMBOL_NO_DATA,1,18,0,0,0,1,1,SUSPENSION_STATUS_UNKNOWN,2016-04-27,
2026-09-21 22:47:33,5903,2016-10,MARKET_OPEN_SYMBOL_NO_DATA,2,18,0,0,0,2,1,SUSPENSION_STATUS_UNKNOWN,2016-10-21;2016-10-24,
2026-09-21 22:47:33,5903,2016-12,MARKET_OPEN_SYMBOL_NO_DATA,2,20,0,0,0,2,1,SUSPENSION_STATUS_UNKNOWN,2016-12-26;2016-12-27,
2026-09-21 22:47:33,5903,2021-06,MARKET_OPEN_SYMBOL_NO_DATA,1,20,0,0,0,1,1,SUSPENSION_STATUS_UNKNOWN,2021-06-09,
2026-09-21 22:47:33,5903,2021-10,MARKET_OPEN_SYMBOL_NO_DATA,1,19,0,0,0,1,1,SUSPENSION_STATUS_UNKNOWN,2021-10-27,
2026-09-21 22:47:33,5903,2022-10,MARKET_OPEN_SYMBOL_NO_DATA,1,19,0,0,0,1,1,SUSPENSION_STATUS_UNKNOWN,2022-10-07,
2026-09-21 22:47:33,5903,2023-09,MARKET_OPEN_SYMBOL_NO_DATA,2,18,0,0,0,2,1,SUSPENSION_STATUS_UNKNOWN,2023-09-15;2023-09-20,
2026-09-21 22:47:33,6414,2016-10,MARKET_OPEN_SYMBOL_NO_DATA,1,19,0,0,0,1,1,SUSPENSION_STATUS_UNKNOWN,2016-10-12,
2026-09-21 22:47:33,6414,2018-03,MARKET_OPEN_SYMBOL_NO_DATA,1,22,0,0,0,1,1,SUSPENSION_STATUS_UNKNOWN,2018-03-30,
2026-09-21 22:47:33,6770,2022-10,FETCH_OK,20,20,20,20,0,0,1,,,
2026-09-21 22:47:33,9904,2020-07,FETCH_OK,23,23,23,23,0,0,1,,,
2026-09-21 22:47:33,9910,2019-09,FETCH_OK,19,19,19,19,0,0,1,,,
2026-09-21 22:47:33,9914,2022-02,FETCH_OK,15,15,15,15,0,0,1,,,
2026-09-21 22:47:33,9921,2023-05,FETCH_OK,22,22,22,22,0,0,1,,,
2026-09-21 22:47:33,9933,2022-04,FETCH_OK,19,19,19,19,0,0,1,,,
2026-09-21 22:47:33,9945,2018-09,MARKET_OPEN_SYMBOL_NO_DATA,2,17,0,0,0,2,1,SUSPENSION_STATUS_UNKNOWN,2018-09-27;2018-09-28,
2026-09-21 22:47:33,9945,2018-10,MARKET_OPEN_SYMBOL_NO_DATA,5,17,0,0,0,5,1,SUSPENSION_STATUS_UNKNOWN,2018-10-01;2018-10-02;2018-10-03;2018-10-04;2018-10-05,
2026-09-21 22:47:33,9945,2023-09,MARKET_OPEN_SYMBOL_NO_DATA,7,13,0,0,0,7,1,SUSPENSION_STATUS_UNKNOWN,2023-09-14;2023-09-15;2023-09-18;2023-09-19;2023-09-20;2023-09-21;2023-09-22,
